;0
7ae8dc243959bb9fe927f0c383b6c71e;localhost
48bdbeb996a79e739e61560169e0feb3;localhost
baef6df69918e2c4ea206b9ec91a7a85;localhost
ea952962ca17e272aa08188be31f3e18;10.0.1.238
92c36152727a6f396fc61a4f0f250a10;localhost
c757d62504d0d4e9be2417879187ae6f;localhost
9636b1053daac1352b18239339d47b53;localhost
c3da278557e25237d97838ac93dc1e54;localhost
a558897779e3b23881095c48a21ad329;localhost
4e3e82dc5c4002e29b02921407dd6f7d;localhost
caef208e06b6bdf10d96ba5f9d433108;localhost
df6b36bece0da5fa964b89cd94ba9219;localhost
9167c20de68009becf3af5779e958738;localhost
3b91eca99ca0ac4c1a0f219b0bea3352;localhost
21765fd768061ecbe72f71f8abc03c2c;localhost
bb16ae646dbe324eafb4dfbc49212b17;localhost
5f5817c5f97ed5ce0419d9f9b052f299;localhost
2fd28c7d8f8fda04f7a39f7bf47dc34c;localhost
5415cebb64781a5895e51ca1cd1d26d5;localhost
2cbace821dda177fdd1d57f8dc9bc6f7;pbench-1
d351f1bf7732194394984ca3528fcfa1;pbench-1
eeb129b5b3a08754d28f9dcd2b169ee9;pbench-1
4a77151963f3bdea366963145cbdf4d1;pbench-1
2ed8c2928687bed82dbed1cde9a2e47d;pbench-1
e84407decfcb4b61ce4ead2b4aea5ba1;pbench-1
2e6a4614bf072289e8dd97d8ca49eacf;pbench-1
1efc9a2700ffb21af694e46d15834293;pbench-1
5c419aa9d909ceae5b201da59997d3dc;pbench-1
cc8cc6cdc3f1403cd65a43903134804d;pbench-1
988411d1e40743da65043ca9d0371bf5;pbench-1
307310ff33bbefb530ebcddc50c42958;pbench-1
ca79d8617ae614d90f687cf0b8bc561c;pbench-1
05ea518c09e0e1133a2b5433857a63ae;pbench-1
ab10cc58316bd7cc1045cffca950d6f9;pbench-1
532267ab7db4079b2c74be6e87b1a1f2;pbench-1
4a7cd4b26213f64c351ffc58bff0c81d;pbench-1
6d6b7a0039e592868ec6650a7f0d874b;localhost
7efe52f1ce1cbd3348b8de5450012535;pbench-1
0136e3a6b4ca7223529d36f37a4f4cf1;pbench-1
4bce0839f1dc15de0708a14be7382871;pbench-1
2c257d1bd50c9585577db6b495bbf08a;localhost
a1717337820f6c19f267504e07df2621;localhost
b1a1d1e12115b19a91243b81f70617a0;pbench-1
e81e8ad68320143e27d88746bc6a1e25;pbench-1
617e9ec2dbc3ef9189417d3058682752;pbench-1
3593d6f6a6288012ff0f14e92810377d;pbench-1
67d8e4ce86791755bb24c6b1611271c3;pbench-1
9e3e6aadbc4a2a7c4bdf85bd5c57a5e3;pbench-1
4d75ea116bc1425efdbfb6a6d75be95e;pbench-1
1a5157129fefa88abc2cd6070bdfef44;pbench-1
932af8b57c4be3b531e8ace91b715f9b;localhost
2e2ef0a7b428c8f7cae2825afde25f25;pbench-1
3b58cb6e1a1a4e21ec4683eab5820126;pbench-1
3ce850feb4fcd550414b2c43d7b1236f;pbench-1
8dd1379a7ca9a6bb7b79f81e0495cc93;pbench-1
c02d55d4d8e38fd0c42179d8590b5224;pbench-1
6bd30c0f97343c8a8d1af770a20866a6;localhost
9325ed6ae62f7088bfccdf1dc00c8f12;localhost
b224625842fe65972ef774fe425d482d;localhost
c39d837fc2e416b617a6d50c9a67bc37;pbench-1
e2dd4a1eff70618aff0a8612969939e6;pbench-1
d41452a5f97bf8c1aac4a2312a9cbfc5;localhost
16da71fd48e203f1328efd2cf4596c66;localhost
4cf49efa4ff5cf0af59376d39fbdf9c3;localhost
7b1b2e1d889c8a023da09ec152dd8a52;localhost
3b168701550c79d0d481fa0c8c061d0c;pbench-1
50d00e9e107de8950f81f5c0dd5aa0f8;pbench-1
15f25752082d209b336c4428e44259b2;pbench-1
b8277f0785e3a5bf2de43957143d5d80;pbench-1
2fade0eccec5c0e1aeb05b1a31c62db7;pbench-1
24f391dbe55a43b9c266994b3da9976a;pbench-1
1aec9009a14148584982a64c3ace96e6;pbench-1
8755a8a99646e63d2de8bfb3a7f4dca8;pbench-1
55a7c16d3aeb6bde89f2ef8a19d766a0;localhost
446a5dae5f4a40261834f157ea30b5a3;pbench-1
b3a607a12bddb7c4ac55a7ae8e69dfc1;pbench-1
0387d3b89fc86bc241d692e6d8dad275;pbench-1
34d81c794402214665d618f79f12e407;pbench-1
b6ae7ab002827f8b80ffba0334c24ac0;pbench-1
5235579dc87ecac23243913a35f5a85c;pbench-1
f179b81183889aa797421ce1df39c778;pbench-1
4eca6a80f198cdc7c723cae4ca5a48cf;pbench-1
21f44b0cb2013a9ca2b8088354491c6e;pbench-1
6b2a2c18c8af372fa619b91da7a03421;pbench-1
1c64e59df8434621ae90eeb9c99a63b3;pbench-1
2d4d0af96ee8b1796bd0c5b4484c520c;pbench-1
73055657d49d9dd9518ee6cdfc7362da;localhost
6297c5a15c05e250f300cc8a6bb40a40;pbench-1
ae198eba51a1d22dea6cc2d991d6e04d;localhost
ea0032789b270f09fddf10e9ece8b997;localhost
86e6a31582339629ca932aca105753bb;pbench-1
46168a44833c11b3acbee0de7af08d80;pbench-1
82002d7f27b1af0c6af8039901382703;pbench-1
d99257c2e312d60780b3dc912279f4ba;pbench-1
75e23488a4643c6cca1cd3dab697e47e;localhost
c014cd48a1f11ac9eb3992dea8cb9536;localhost
7332d53972b04ece0f0c054d86550c7c;localhost
7f2693e6a5b2dd730832ad97047aad04;localhost
8f2b2541670b8db9ebb8b47fbb84a1a6;localhost
5f2daa9d859fdc599a1e5e1207a83202;localhost
85cfab4d0072ba3bf8f8fb4d3894bc0c;localhost
4f9d20a4be0bdbda7908f4c626c4a8e8;localhost
1a6bcb54f7abe7db243a3c51f5fbc2f2;localhost
af7810edf84682697d1fdcd774afdb49;localhost
bd6e93dbca86638f146d1c3deda9cbae;localhost
f2b13623789a1fb02c97000465f9c2af;localhost
fd6f1ee85b08ade65d6f639cd327df45;localhost
671dd600153151163add2e9b8793e72e;localhost
bbb7c7b6d65c72debfcad8462553da60;localhost
6f0d364800dc0b061c8c16013a6fd509;localhost
f317f43d1e285b3a962846490b784698;localhost
691e328bde947f9fc6b90246dd096f76;localhost
5628f1be74aa17700e35073349aff934;localhost
202633d551441c66cc8929a39c9bd413;localhost
65b4a98d08624ad17693f154b85869bb;localhost
8ba884d4dbeed6a8c47f6b804d2664fc;localhost
6e54165390fb8ffb63444d25c7962183;localhost
0cfaaeb9aad4f582ff021d5831955db8;localhost
5b23d7db76b796e218de1731e4f0b73f;pbench-1
f3b8b65820b853c228e4f40d9437290d;pbench-1
4c5c1f9ad301c3b8c38a68b0e39a89a9;pbench-1
bf17582c4c4ca84da046d887921a145d;pbench-1
464245f0c63932bc45ea20761cb8f666;pbench-1
d08096a0f34b31f19e315efd638a78cd;pbench-1
c1aaebe2d91d18f9c4ca2c68ca2e068a;pbench-1
a4672e14163910bacbd3a362c2f4b6f7;pbench-1
32c7adf921e671b9579564848396bd69;pbench-1
ef137ca1d64c8291eaaf3ba0d2b0b9ac;pbench-1
95b69e15b800f367b2a45f5f01093260;localhost
bdcec2a89605b946595b0138f707f90a;pbench-1
1686f4498f9b71410e621ac0778567d4;pbench-1
c788670d2b6273b0654a7da816e79113;pbench-1
199f7e2b51ab41fd4c7e3bc70c65aa84;pbench-1
decfc7040a26dcabdb296e9730ad5b05;pbench-1
7cba01278811b55398100ef00bd11bad;pbench-1
be405221c933395b38562f2ea22e11fe;pbench-1
b8ab8f195c0503c89ef8264a8523dfcb;pbench-1
a92dcac24030874f12050305850c229f;pbench-1
6dd5d9f44bf0c7fe38dc3f7a8e3bce28;pbench-1
7280f15230a29770dc48ac6c5aa48c3d;pbench-1
3f48995d6c06fdcd8e3cba6849d8f13e;pbench-1
c7bd9c391e2c4fdb243d57ad68250e42;pbench-1
94752b3fa3a7ef5e20367cb9a98fe61f;pbench-1
e16f8e394b06fe154729fae13c33ac78;localhost
486ca49593e3d0db252bb2ac00e5ee85;localhost
2837f0e9f056b55c100ba2bab52c275d;localhost
c610105698d37722bf69866c12cfbbf5;localhost
f21c55fa64ea72ea7a1d8d2a442fa0b4;localhost
f19eba317a0ea9509051b2ac06a4af9b;localhost
ed5b1d1e2869be56503f4b94edd2e10b;localhost
5bc163a0ff08cb9714a775814bebdd80;localhost
2d3c924792b225e8081da8dcaf9ed621;localhost
ad6c24ec73f19f8393f32836cde3dc44;localhost
d711b08c1ac3d4f19a07e143d36ad179;localhost
541f1835b437e01d51a5d321c26fa5c3;localhost
f1251e610a2b370f059d9d56c423f2e7;localhost
126cc82dd7ff1314067576d9938510af;localhost
9fe1c8798f0e5a6393498509c7503184;localhost
1482e144ac9021307b77b99c29a907d9;localhost
ef11172a7a44b8b7dd4e5827bdff95bb;pbench-1
94f9b4a892968af54142a127a54923d4;pbench-1
adc0194ee11e161ee1a655a26026a154;pbench-1
893d553ced464a3af0475a44634dccc1;pbench-1
e2d14b8fb096f1993af58187e807ab54;pbench-1
cc28207f86d6a7bce5fbfe68362c81fc;pbench-1
ce5673b1bb28555818e3185a45b4639f;pbench-1
71bc812c704bd4d5d0476019492c1f31;pbench-1
bbc5e62ee99be09e77c1df4d2ad2a8bf;pbench-1
413f30bbead6c4006043b10b310c3691;pbench-1
10e121aaeb22fdce23ab9fdef34fecde;pbench-1
d10e9e0127f39b688236004971c568df;pbench-1
3704ff8b7a4605e0a13524c218f27ab8;pbench-1
33bcea6ea799bb6448e8eb6e79cda80e;pbench-1
9ce740143f15f516cbc39c3f204d528d;pbench-1
be04acf2e383fd4c095e9dfcee050dd1;pbench-1
a8b0b8b52647cee7e2fef072395b794d;pbench-1
7456fbfe304624988926d59d2bbb2591;pbench-1
a42e5273105d19a3779719be94fc4e06;pbench-1
4d14d8d62fe55fcee2667b7b9ebe6fcb;pbench-1
5fa9dac48d4593bcd47e45a5ff9ecc2d;pbench-1
de6b87489e620f10af2d07231f7fac2e;pbench-1
4b84a0ab5161d74e38f87d2a74db028e;pbench-1
6a6e6f10f99a72e1e4fc845221b85d25;pbench-1
41a53ba1c46270e333ae75b7b001ad8d;pbench-1
22be02a13cde5bbc71847a076fc27fda;pbench-1
6bcfef774ada60b32321e4dbfe099905;pbench-1
8bf13b51c4803bc6024bb9e59a0fcbeb;pbench-1
624f02158aaf1d3da4b333336b473c95;pbench-1
41c89522a07471970ebc0ed28ab8363f;pbench-1
9766913784944c7a2b9311c32e0fffe0;pbench-1
46748869ccf81dc21179b460446f83a9;pbench-1
48801627ff8ae43a50878ce86baa3627;pbench-1
27d9228f4011eb16f9d7ca0c07719ede;pbench-1
c3eeddf2cf5f35325cbe134f10b3d9ba;pbench-1
a5d8b7b281aa40d2e45d6be876a2c16d;pbench-1
a1c75bbe1193950ea5945b32d9500522;pbench-1
86a2580977e87d75b89750b15cad4219;pbench-1
ec2914459d10c786ddf9312f94a8e839;pbench-1
896d661271d9bad25fb5c4ca9c8ef5c9;pbench-1
584756b5fb1f0b9cef5b97f87308a025;pbench-1
ebc95b74bca6d60f63a74b3a8a06a990;pbench-1
392cba13b104e07c9a7bb79ee68bb9d5;pbench-1
c44ef3b9b3fbf291982ed05ae18a42a6;pbench-1
8b089a0324cb6292f3a8c253d50fe619;pbench-1
7bc15d26af37e2b921514d8bcb086f7c;pbench-1
85625b1d295a1c0a7ebe4717985ee276;pbench-1
b2eaaa785f440554e8d8c071e701ee36;pbench-1
39a6819aa579e09d8eb24dd67254d2c5;pbench-1
7e6944cef1236c80d2c803b215a3929c;pbench-1
8b302861a0ce34646d94c0516e1f0ed5;pbench-1
ee460179b76622a3c3299afaf1c4c0ea;pbench-1
f5741eee2c5a50b4d8f68087d5a3e590;pbench-1
f1c5b4cb21c076b28a3bb62eda8f4813;pbench-1
b956f8f8fcc26bed6b4d8092b05e99e7;pbench-1
9b97071a560afeca09953bf76ebc4659;pbench-1
ddfdea3d185b424fe6ef0b75358cfd00;pbench-1
f9efb4c0527a23b48d3c18bc123fdc27;pbench-1
075ec21f8f322032211df19b0e414d61;pbench-1
e6b4a58a38a6340cb1e481a58e8eec30;pbench-1
ced57a807898862b67aa763dcd5094fb;pbench-1
3c5b117648bd42a56c06f326e408eaa9;pbench-1
2bbbc5909307c52d3de0aebe7d916e0c;pbench-1
75f1d1b7d26bda4a8c91198c04d55500;pbench-1
2f8a48e24bb17e98837b667eac13cbd8;pbench-1
d8a9940da0e90d361b19717ac7222f41;pbench-1
0d26d852ad1f2954132270c39b6f2157;pbench-1
242546cf479f2bff69cea6d6491775a3;pbench-1
937d76ef5dde43459cb0a203eded381f;pbench-1
1ec4581190b4c03f608beb07883c04ac;pbench-1
29195465f5786fab5fef66f0e2509257;localhost
efa669cffd924071ece8842210d5765d;pbench-1
4c795d7d533e177bd09bd7d44d32e2b0;pbench-1
982581f4e8f7e0833ea93c63ac63ca51;pbench-1
976856885b17e30e8840a3a4fdae16c1;pbench-1
f73fd4830b9f87c0ec2b2abcbe937683;localhost
2f45d91633379a31b4abdb3c7a9dadd0;localhost
7246e97230b8c830154b000ace9f1eaa;localhost
23c236a2414cffe355ac0979402c8403;localhost
7c738dd9b68ac9449c0dc3899ec906a6;localhost
df4e812e6bef01fe77cb6f30586bb304;localhost
0371111f2ba431649d44a78b44ce10cb;pbench-1
a03f721b7a7bed8424e6c8397678a199;pbench-1
a3b274e5fd151c66eb5dd834ae814a34;pbench-1
8e4d5ca52f0395e8383dd97c2dab33f4;pbench-1
769b86a62f12ef6612d03c9bf81ecf1b;pbench-1
b3e83a1c7a5e2ab67f1203ee9d951e7c;pbench-1
65881bc86998adc11e2dc41352d04327;pbench-1
2fad20175799282bcc2f14d17847cae3;pbench-1
1decd77478fa8bc3378e77db5b794cf4;pbench-1
e458b27a44b3ab293dc78f69f19fa80a;pbench-1
b75a405b68100f36ddac2917b3365f04;pbench-1
74296aad97e1a3011d3c6f9e926cc80d;pbench-1
9caec8576ac40180173400cbf954cda5;pbench-1
e556eba570239fa203a0b08015303001;localhost
048ac3e518a69fdf20d4c01a342816ff;pbench-1
b159e3d7e6b6fca4777f85840f0cce19;pbench-1
f15fb4c981da1344df83a84226f204d4;pbench-1
628075cfebe1705f28d414762c038443;pbench-1
74d85598d24daa50cfc150dc212a65fa;pbench-1
02d4df396f2e92f9a808f939d0df0649;pbench-1
307a42ba28ef735d2b84823de4156c9a;pbench-1
0ed399080c4de6276dc2a8c56faf8a22;pbench-1
de320666bcf875947dfe860d98e12ffe;pbench-1
7ded8dc3de1ca91867ff228df6cff675;pbench-1
f37229c331650d1b21ac2353d0bf8d87;pbench-1
39990f97cdb2f04418eff73ef5d62ebc;pbench-1
ca238958eee66e65461e94154e6d36b6;pbench-1
bd62c80e54542ea04a818e41c75b3a8d;pbench-1
f49e64834546678f5e57278fc6a450b2;pbench-1
a14f5c0c9541eb715c0fe0f9c9784814;pbench-1
5632a11bfa97f3b6539db4ab1a208940;pbench-1
ec4fa158b2999744d42a50077f5687e4;pbench-1
f45c160673fee24a91924738451b2808;pbench-1
3a561b16239584fd9a03b0b37401d1d2;pbench-1
ae45801597d600c41c774a08f99a8c76;pbench-1
cdfeff249f9d5ea62931f9645209313d;pbench-1
8888a1b9be6fb605ef85b31988df4925;pbench-1
d29070247af5c45f5b40aa42dc79e987;pbench-1
ebc76f67b35b9448350c0940b364ecf9;pbench-1
cfd139f0d59f8024ad7eefb938bbbbf9;pbench-1
d9da42682f3932777f20ab16f98b38cb;pbench-1
6d230c396c1e3e4bbff5de3c64059634;localhost
7d6d17da8b2a2c0442400ad1209fd44d;localhost
129d7a193956b944c730b7f2fe59117d;localhost
d9faf0e29727189f356f717ff29d59a7;localhost
a29caee3a9d1e706b6346ec2a5e4cbd8;localhost
fc21974507454af241e89ed23e19fb06;localhost
397e2ecd5fedc3a971416c4271dd09c4;localhost
b9bb192fd3fde2c34626f39d5b3d4c57;localhost
fc1d47781eabbf9c51a79a161b3320ec;localhost
223c47d45ca66111d8802b26fdf2a2cc;localhost
99ffbde987c58ba6203c405779633461;localhost
b882fc692204c8b38b6713a902c96e22;localhost
924eca7ff69451a74f49da21b3960e7f;localhost
4b88f1af51655351b22e0d03b4e3dae4;localhost
3bf8923c32a6f40084d6ce4f8fe9612b;localhost
b09a71a3dfd37ad0ca5eea73e92e67a2;pbench-1
fca166dae824695039378915222fc944;pbench-1
886cd7be26ec1fb14ff99739a320639b;localhost
99cde296f383896137e8003a7a15acc3;localhost
d1ef3660b1b6cc8e39b77b34b61e0dd1;localhost
feed63b07ae0129e42d0b7461890dff6;localhost
e6c433240db012ee0b00f5733bd6d850;localhost
22ebd8c5e26caa4683dd32caad1d4889;localhost
1be578a94fc2be1db98ceed43828ed62;localhost
65c3c091a506ac333ee27706f39a71cc;localhost
60c2fb802c4dabf047bf2579a565bb3a;localhost
e11250f040424cf6bdc91cab5b042e6b;pbench-1
2058bfb3745e17835f190cc2f0230ef5;pbench-1
bc4f52a89b87033ab3f4076f341486b2;pbench-1
9686e8bf1a1a8a683552da30ded36326;localhost
2527507977865128951ec94b6d6f8b5f;localhost
2be62bd3922ece9176aa5ae97ea9e519;localhost
dab74f9a939bbf2074fbcccc656d39ff;localhost
daed7c2b7bf64a09cf216f4ac53778e9;localhost
3316425a4c21e04a9b558d5f506a359b;pbench-1
4d56db5f320eada9e6c5454368ab551d;pbench-1
359b20894f16339644d30d677373c834;pbench-1
94cd786ab7434db58abb8917dd308f17;localhost
c818f5d427286177e19e822f5d9aa90c;localhost
40d4d498a3ac299ccdf9ddf6ce6283c7;localhost
29d1afe72bf7640d9daba6bd349fdc83;localhost
400102424404a69df1c165df1f99623b;localhost
0938185091001eae4a9b488537f23d9b;localhost
ecd38f3d445b682d597178ed75498dcc;localhost
310fc7cd4c4db9b47156b9cdfd66845a;localhost
6e9f36d221ffa712c35492834c5b543b;localhost
48306cd9aab62b461598afb553c68215;localhost
9d49296f14327f45af248e9220676118;localhost
c968bfd96b226a6a973e739f29bca105;localhost
b451c611a1021ba1425f5239cb7d658f;localhost
1748e123bc4f121d1cfd67be8667cba3;localhost
6b4419e7af79dffe9d36a0e6017eed8e;localhost
700dcc6298bdf3e95c1c810bdeff2729;localhost
18396f965e439c9c9f1985934ab48809;localhost
883bc41fa401abf22bdb563a4eaf468c;localhost
8d3dc1aca737d4c6ba1af0076b43a9b8;localhost
4aebf7bcbf6b44b2d7c7b433e60b65e5;localhost
ed92df3ed4b7416debbb20ad08a81a5e;localhost
21aa86aaade57772b3b33073e7c1c232;localhost
aa9afaedd12c23ebec162a2a435a89c0;localhost
37d7e968efac1389eace121ce38d7863;localhost
acfd2668d9ddc06b7e3dcdbbd21ece38;localhost
78b98fcf56ea670935abc367bb68a0ed;localhost
45248f0b79104c99d7250550d6dea42f;localhost
3dd39346f23596e6e09af46d39e6cffe;localhost
66505f1792335f9fb17c98886977878c;localhost
e3f50fe60ba543a5a4da0a04b07e6432;localhost
342d1cc2cc23566ee95cf479c7ec48d8;localhost
182c69eb960b3e7cead67f46b6c18661;localhost
7c04c4c879d3acd9f1b558080fd862ac;localhost
9f8a214471c23952e30414ff667c8722;localhost
f0af7fc3ed2cb9da0fead267ec196e93;localhost
e69924b981580ed71ffbf6191f81395a;localhost
d96d7f60c45d3fdc1bde0c5f9819ff37;localhost
c4e4a06fee55fafcff2e1676b0267435;localhost
5ecfb6785f656717da74b447778cbf75;localhost
4619ef44111e9abbf37e7cd76abcb539;localhost
a38083d68011c19100f9d6eafc79beb0;localhost
91b066bc6aa643f367d08e7424fcb6ce;localhost
102276521af43d09376cf99326afb60f;localhost
1eca6220e258d0794c53af7bec958622;localhost
7678e4d04d54e9b600b01e0f09f2450b;localhost
f99a4ab99d4eb0e08ca93c3a082d46db;localhost
856853184db8ac64d209f4b6e47011ff;localhost
fcfd5f191c83233a7906e2119287a8fd;localhost
b634f76b02be6c6f38482e009ca436e2;localhost
8ccde703abb2ae79694fdd7b0b0ccf24;localhost
f8dfd7f28bc200d07f657df6f47d0a0c;localhost
44dbf1db908de00b26ef715e14e0ca01;localhost
6a61b2373a2a40a0ed1e26f99400c5ff;localhost
ca25e4d7508d41f2848bf4b0b6e01d54;virtlab506.virt.lab.eng.bos.redhat.com
d36fba0dfe8aed0668e8e4bf334938ff;virtlab506.virt.lab.eng.bos.redhat.com
e421da50ba465de908d7a6ab7d8476ad;192.168.122.163
452d0e5cd4faa9c1e2c0806e3dc34231;192.168.122.138
3132e482d72f62061d7be98839d5ed76;192.168.122.9
b847c70cad7c86458a522770be6b3ed6;virtlab506.virt.lab.eng.bos.redhat.com
9e86da997b3b3302bf5e9714e9176e5f;192.168.122.163
0103fbac6ac85bea6070719136257f15;192.168.122.112
8c2d50ea2b5dd33bfe77af99e84ebdd5;virtlab506.virt.lab.eng.bos.redhat.com
d2868f0913716fd22d15d2873de3eaeb;192.168.122.163
dd14035288f4d467f8420a35fed3ec5c;192.168.122.147
602d5d356e57bf2d44c921632b718d1a;virtlab506.virt.lab.eng.bos.redhat.com
04b85ec91eebba4e6f001579fc36b95d;192.168.122.4
8d4eadec0041169dcc0387a7a8d3695b;192.168.122.163
06fe2e7a8a62e1c8b8fe52d3f376f6f6;virtlab506.virt.lab.eng.bos.redhat.com
cf30c7d225c8c1070a67d7043721d9f7;192.168.122.163
a54ded2c67919de4eb51306c0407bb83;192.168.122.210
a819b91bb30478401a4003872020eeb1;virtlab506.virt.lab.eng.bos.redhat.com
0009fe23440e7f4c05c2ece52be3905e;192.168.122.163
bf50dfc2dd9a587f8ce49f875e5672c7;192.168.122.207
a7f3949df51b6f5afba2351ef9cc8c35;192.168.122.163
fab7708e3f51b2f1a7316a5849424bca;virtlab506.virt.lab.eng.bos.redhat.com
819d787eba6c959bad2836f850fb08ff;virtlab506.virt.lab.eng.bos.redhat.com
8091349e427af0fb6ca7146bff4b5976;192.168.122.215
abf22106fcf3f01f7752af1f99990ab1;192.168.122.163
9543dbbf29bfdfb03a1d1216810d9745;virtlab506.virt.lab.eng.bos.redhat.com
e76bd6b4874917be8f7c1144989a0329;192.168.122.54
5fb34dace8f3b85fe8f0a6c4b198e748;192.168.122.215
7c8f68b0fc239eac295b65a9837e1337;192.168.122.163
ca28ccf20efdb36e7423c266834b166f;virtlab506.virt.lab.eng.bos.redhat.com
df3bed70d33bf1d6c006fed96ff5ccf7;192.168.122.65
0e5a2adaaf8cacdf7513a5aab16b864d;192.168.122.163
19f034059d0b9afc606b72b474e8a4ea;virtlab506.virt.lab.eng.bos.redhat.com
479f397bd924dceda9c62502babc9fe0;192.168.122.163
0dd989e8093e8a039974a2bdafeb3dba;192.168.122.106
65ceb4aca9905d14c46671c31f5fde7d;virtlab506.virt.lab.eng.bos.redhat.com
73af47211736ba66659b38f4c36d660e;192.168.122.197
b2cfdf711c6a8ac1dfb9694d363b277a;192.168.122.163
0faa95af3ea5a6838374f4a4d478e500;virtlab506.virt.lab.eng.bos.redhat.com
4cde7211b9eb8bd7b8891831d38f5300;192.168.122.163
f27f65785e238dc22cee53ead81574f3;192.168.122.243
37c2b668e2b9c8f854038d6f621dbdd2;localhost
ec79ecc1af7e3290db74510baf367efc;localhost
2d2cb26dc82a03759a356b4336431397;virtlab506.virt.lab.eng.bos.redhat.com
081df1d7c1e2042887bb2bb00e65ca21;localhost
66641ad0c23291217927ba5a4c4359a5;192.168.122.163
96bdbccc16c7adac8882ab9c7853ef36;192.168.122.197
affd4058648331c98a7ab769a5671ec0;virtlab506.virt.lab.eng.bos.redhat.com
62c9c429520324471e4350b8b935ae93;192.168.122.163
cd91597ac80708b147cbe4182f8444d2;192.168.122.141
4310ecac4b0424c43dcace5854752fb2;192.168.122.163
01eeded976e2666ff3d055edc14fcce9;localhost
3176fb353ba555ca643bf835ab0065c0;virtlab506.virt.lab.eng.bos.redhat.com
249c68ee2d8b73ce56acb98d75835932;virtlab506.virt.lab.eng.bos.redhat.com
8a3f9c9d83f5d52ad7a5b99649e7c80a;192.168.122.5
8ead5448424ff1d439ed0d58d58953b3;virtlab506.virt.lab.eng.bos.redhat.com
ce874b259a021a8a60e46f14caee57fc;192.168.122.163
cbf0dbb4203dcc307a0b3e74074bde58;192.168.122.163
68eeb6c735dbe15c6d8dca7572081b54;192.168.122.189
4e20cb5c5f409da3ff4fd37643f2f308;virtlab506.virt.lab.eng.bos.redhat.com
7dbacd071549315eb349c472e90f6941;192.168.122.163
6fc608119e30bcdbb4b67b7c277c7b8f;192.168.122.148
9b4cb55160e8f352d71bbe263148a405;localhost
e0e6437339974abd4032a4b9543458c5;localhost
83214525a9d92f6beb79a056e9798f3a;localhost
618bf18da776a3a61851aca587c179a3;localhost
779a2cc079e80ea3ad7e91324b0bfb34;localhost
08b31f467220300bcc5d0855bdfc6c99;localhost
b7736c638d813bfc1181491af2199381;virtlab506.virt.lab.eng.bos.redhat.com
9335d43b22daffa2babb75e343a5a157;192.168.122.163
a324b1bc8300eebc41d03ef2bc9547f9;192.168.122.187
887b03b8061ce23040185fe827c8aa1e;localhost
3cc29aa1d57c8044291d42466b12dc75;localhost
75abfd2428fff8d4a37345d652e09cd4;localhost
61128053a69f7b4c933a98886f715874;localhost
6b94dd80355d7d14264f4eec76a31d33;localhost
3f439092b2f9d77b502e0031b7ba8561;localhost
6837c9f4a3bdc6f3e976307052738701;localhost
d74dc23beddcb3608b8cd8ff2140d20c;localhost
480ca5b0401800c089362a5dc316be68;virtlab506.virt.lab.eng.bos.redhat.com
175c5cc293da6f6badeea6219bada229;virtlab506.virt.lab.eng.bos.redhat.com
5939be25fed1b5eabeb4c46e54c213fa;192.168.122.92
40ec854264ce8c604a5f90f54fbd8fef;192.168.122.163
b22ebe485b60f4c1f99cee91629d9ab0;localhost
29c8bd5b0cf1a3f1d9d8a5fa148fe1e1;localhost
8af84b03b7d10dda806cb77d737797f4;localhost
812af0a8fa5948fc94394ea315a75feb;localhost
8c5d5afe790f25835d53afb8c46329d1;localhost
94294894f00b04fa3ac6e9bfa19e1c65;localhost
85be8f2bb0a7cd73fa5dad65f8edf338;localhost
c6e857603887758f949d57edcd7a79b0;localhost
68663e8f50879223d4327a7dda317087;virtlab506.virt.lab.eng.bos.redhat.com
0fe5daa4beed810ccddb748fc0d1f40f;192.168.122.163
864b8b663a1505701c4b040896e6d919;192.168.122.9
7844ec638c343c308eadfbef8ecb2dec;192.168.122.167
f7c3944a1e26934fdbdd560f06b60354;localhost
5a77d2e8dfcafe00af61b7b9cb87a7f1;localhost
19f3bf9dfc184cccc5bf8b8a029a5876;localhost
b52fd18b305fec8dd27984b6d768f8ac;localhost
70fb513dbb93283a2cd1f355e2eb7790;localhost
48a149ef15da2b9b7f89e108e8afb002;localhost
0de87771d6a942767f4bd96fb125068b;localhost
71d63ade671298246b6d02062bda37f3;localhost
8d6dd7c0ff8b203aebbc5232a886616f;localhost
c1410b3deb57fb182de2873f804e99dd;localhost
87f178bbb563a29bf24b56fe43168ebc;localhost
7b3bf5f0d282f7019491dd2b9cae57c4;localhost
4a46f95fb964ec80816bbe0cbbf93c39;localhost
7f029bceb80b7b92b22f12c158aec802;localhost
33eadaf568318563d18ad288f60bcb52;localhost
10afe86d4929e54a84cb5cbdd0235fbf;virtlab506.virt.lab.eng.bos.redhat.com
5df65071c9a7e5299844dada6c6ea57b;192.168.122.163
44fab0566b52340c4d414b8f18497751;192.168.122.43
c0a520d4979ca532209156a0e1b130c2;virtlab506.virt.lab.eng.bos.redhat.com
7deec1eeeefeaa032246ee0652888727;192.168.122.163
c59d2bef363f9a709b2de0542e523d02;192.168.122.188
90480bf17615572165ee25cc39325ca4;virtlab506.virt.lab.eng.bos.redhat.com
7d84bd840fc867b7b29598d10f1f657d;192.168.122.163
8ddbe89261623837cc62c14203c8837e;192.168.122.65
13baaded7b705e0eee17565b87b1bcc7;localhost
448a9aced8a23db10d8da5de2d6eb02c;localhost
f82c7f60a1e829a8432b382c5afe9b0f;localhost
5f073b115431d7971a7786f66cec7b11;localhost
a73e37f5baa89eb726e36c36270c5b59;localhost
ab3322ec7319d479cc203b38c7e7bbcd;localhost
44ec0311fea296e12fa9855f024e53e8;localhost
51867a34d31b181346e0304389471392;localhost
4b4dd9f9ea40be368eb7c9cc60cfd60e;localhost
5599c223e2db5fd79033c8bc9ff93cbb;localhost
97099d67f3e524b297286c93b34cf3de;localhost
6d7550853608a6f93a53f5e381c28e1d;localhost
67d62186ddce979327a7fa60bb6f4cbc;localhost
3f64ea385484b720d0fe4aeb91428f65;localhost
c5783273e8542ccbca357e30803b21b5;localhost
ebcf6c58464cd5c1974e99d71aef621c;localhost
8df5fb61ca9ab4af31d6a39e4fba2903;virtlab506.virt.lab.eng.bos.redhat.com
8a23072d04c01bbfc6c02a268321f31f;192.168.122.4
b7fa203c57e8a3fcde1bee53a8e03b1a;192.168.122.163
fd3a7e2b7c5af6a7997c115e6c0f3d1a;localhost
c1067128d69b9a49e2d07f3d0ad3a101;localhost
d4ab08b5d26d949f90ce9f36867f7108;localhost
4bde8615d8c9ea3f228dba69b69c3a3d;localhost
f265d0adf793553a7f3c642ec8810759;localhost
c15f9958ab5349948206e22133908c17;localhost
2008973c580894694cbea8d854edbcaf;localhost
fc8927c47020acd109b14c370f356e90;localhost
9432756bae2d1635e2b2768442c14e78;localhost
a598ff5ddac31022d7ad3d8ac3187c36;localhost
a9a16128ffa72ade8dc4ed9b052458c0;localhost
f89624ea67ac0f8e925b9045d9662f05;localhost
d966e89d09e8d1d31edd624cf884be86;localhost
461477ae1f5e97d533fdb7b6d5f8de48;localhost
811b40712180bcfec0d05e8589b3a439;localhost
f6cd86246229a082bfe43791d5b81b28;localhost
24ce78accc4caa861a38d61d0fab8150;localhost
710b228ed5aea41dd1fe6ceddcfca2e3;localhost
ec7bfb64a61594fa39ba2e196acb80d3;localhost
c661d79d16eae0b68350821ef14b1678;localhost
6cf6ecbd661c9624d6bdc0a190bbffd9;localhost
84ec2971bb25c42a9f0ae3361621184c;localhost
57647f8bb823363c4f3c399087791506;localhost
fec9d42956ac70413d1246fa13a4f10c;localhost
e264056d236bfe8d248e3a89567da44d;192.168.122.163
9f3721cc2b432d3cf339463dc622e0d0;localhost
7433a7edf018a21590cf0ba0f10940c6;localhost
bb988d2ae6a5605a1e050848333f34a0;localhost
129ec26765699569f3c610ea59c5190b;localhost
bff63229844ca9597fa752608ca8198a;localhost
7b87efe4c56a842f06d3e1cec7d7db37;localhost
86ead157ba1d023133ca8e30e0b62d74;localhost
84b28c8cd1216de1e612340690777272;localhost
080c9cde2ff71825a9a9c1cd1678d67b;localhost
78932af9bbeb6b2f46241af955bc9e60;localhost
9e117ff362a8308fcd6c39447f863b0b;localhost
84b0e062dc53402a13ceea594c95dce3;localhost
fa52b85c6eea4a312f1d8b648f996197;localhost
9f89b953854fd9a94cba0d659c6b8bc8;localhost
df3f82b1edf846939ec24861f8b3f114;localhost
b7424b0c5d707960d24e3e8a4ec33612;localhost
586b0e100bd9615ec244ae4b6b5fbe39;localhost
74b8d6be334f4a5562bc660c68479800;localhost
7829419109110589a3a08b6accf14330;localhost
98d265ae416f89184e51a9243058e283;localhost
436fdf0659d70fa35cc026b70d0604ef;localhost
939f14e23b19d84b13eda4895807ac97;localhost
0f81f3c924340ad703528e9a55031820;localhost
f94c42f7b6d6e7ad9f189a5256fddf9d;localhost
11901adf5981e5b84b440ac7c6a472f3;localhost
c00211699bfeec54663dc83d7afb1a23;localhost
639a37ac195c2e214eff993280f850f0;localhost
e6b187d6eb053b4c5b6b577ef499119f;localhost
e3aab584ad3498b48296ad7cc2fc200f;localhost
20de34aafae5e8e1512365329929d641;localhost
0bcfe3b2609f5b35c171e7b3414873ad;localhost
16935a7e34988b21be15a82d494c4f1d;localhost
d65f17626f92979ec8cf1daffb40c973;localhost
624936ee7fdddf38a1310836585e5daf;localhost
5604364d769cd9581d47c68cffd71967;localhost
37e592e63dc2bb7bcf1e1047d21ebe69;localhost
992cf4a121a52f078e48c423921b5b2f;localhost
8e65d9d8f022f59233eba6d15091fbf0;localhost
224f9295a5a440c94689f99cd38d3f8c;localhost
9c88ce97cb194f80b703dafcf127138d;localhost
8db73bbd5aa9ee5ea69ca149a23ef934;localhost
3df692760969a7ba6dc48824d10c236c;localhost
619b1b28248f69405a3b41bd810cd89f;localhost
d4f4c22cca1a1967026c595ddc097638;localhost
58fc2ac96f87547247b5d2976cab7bf4;localhost
69ad8d3fc714c78bb3131b07cd69d22f;localhost
00a412b48be06bc9d89fc279add96d85;localhost
e2c07e4833d846d7b244e7c5a52fee6f;localhost
ca7f6a4a3e55694e09121c23e7bac635;localhost
e2ee2475a7b8416a4943cb6f562eba53;localhost
d81cd8994560391ea7012f8e994d9c17;localhost
547908e6a8eb07b8905996a50fcd5e78;localhost
6a9e32b17fcc6bbabfd3f0fb917d278a;localhost
8b255114102e49f5e62f509299deb93f;localhost
cc2f5129a723c444fc98926ec9c0c75c;localhost
36aacd9f68e4c42d9e80d837c46e3738;localhost
c438a977f598153d5a6e502ea6520a4d;localhost
8b7fcc65bdeea7844f678a76532416aa;localhost
38afd6f6c7721adb573dfd2d24fe183d;localhost
05d55f469c3c7d0d3052c6b549c56845;localhost
c398b2f09fcbb2c11c46e1f32d69907a;localhost
5f160982bde4ceda112a124662738e8d;localhost
2e43760bce7ea43a9518d4f7052c06cd;localhost
84a085a3d88207948e77084cbeb8a86a;localhost
9fe047f81b590f1507e6cd4ff0371494;localhost
6a6d9d2666e76e269f7220b4fa98683d;localhost
8b49522b4cfbfaf4685aa72b9f4ddff9;localhost
44755d5454d9c8aede9a437302ffcbb2;localhost
c638ebfb21f4f5e685226c98ff39fd40;localhost
5f07a97d8629f5ebd6b8e8114a9afdbd;localhost
076bc60c91adf716977ccdddae83cd7b;localhost
d227de69482ec1523d18a6f1102e2f1e;localhost
d584cabc8723160b40a991db807cf9db;localhost
212c402ea3b2f00bfb55913c3bd40096;localhost
efdcfa43d39552672c5443270d7114d4;localhost
1fdf0465a51de104b627ec71a9b5a04a;localhost
dc0d913178ae2d5f4a62ca5abf9130fa;localhost
4a04c5da908ee6c8941701bc7dfa1c57;localhost
2862bfdbe028fb06274d31d86b42946e;192.168.122.163
ab74e3d3b41da285bc6282d78f9da0e5;virtlab506.virt.lab.eng.bos.redhat.com
17df205d0dcef999fb542561651e194c;192.168.122.188
e576476bb0b8f0dfd7afdd127133488a;localhost
1c7ef0f4fdf9d2e57cb113017caaa4a5;localhost
0641ee077579646322fe5919a07155ba;localhost
858aa61b47866b2e0671b03f76fb0801;localhost
42b9217f388953509554316cd8a4f6ba;localhost
0b1e76ade021017fe135e99ce2df8da2;localhost
5a67471e3c10b12fcf5485393d47a744;localhost
158ee805deddbff04a6e240619694b05;localhost
c23605e8446b9ee623f26862fa2f27b1;localhost
ffce9c8e06c39d8909c1eadcf7d4fce0;localhost
3f92baec978d26a144f2cec243c63ada;localhost
81afaf8172a90fb7ef1c45bf832db4dc;localhost
bd411123c385e9be6db21e065bb79c5d;localhost
f42096a60ddf6668dca689327c3456b5;localhost
09399e6f00472d995e33fa5b34ade752;localhost
15a3175e3b875ed55d25f6c2527f7820;localhost
261f120203f813e50db28a452ed25057;localhost
470e1a409a864a00d38afd834a422e1d;localhost
292a3e85cede6aa6159bbfc8d644db2b;localhost
cb49e527c4394397f455c56a19252aa6;localhost
021f7891e6116c2536ef6ff616640d28;localhost
a1c65aa2efdac7c035daa27610f749bf;localhost
fe9c3c437f1ebd45d1800513bfa39c00;localhost
6fa2bcd8a7d7a5f418eada2fa957021b;localhost
cb1e4b7119e6d7393417cf2eb70ae2ce;localhost
cca0c7d31dc98c3ecb743819c5fe4239;localhost
66a51981aaf7d5568049b557ab2237cc;virtlab506.virt.lab.eng.bos.redhat.com
c8b87451859eb5aa529a4cd46b73775c;192.168.122.163
02978d009db6eb2c1e3072e565c5d2db;192.168.122.205
ca70fbc1c2337562cc2cfcb785d9df5d;192.168.122.163
fef2ab080768478f31c2958ff295e9ff;virtlab506.virt.lab.eng.bos.redhat.com
c0e94f077608fe648bcbb148f0649f4b;192.168.122.194
aef0af0b03416639d15034a0b5e77d73;localhost
33ed0de1ec9e4473d1e1ffe9a39fe346;localhost
452913bdee413f90be9f32a98ad9f104;localhost
472954298d3becc00bca7d31cf6885b4;localhost
6c8f760ae3f60de4d7eeb446d123aebb;localhost
b891d6ce68e4e707a94ea5538fada26e;localhost
88215b0bedf2d20e6caa4d9e1cd04e6c;localhost
0337f9641377a156022afb71cba79cf0;localhost
1ccfa2d34952a0679a48d80b4c34aa17;localhost
2778187ce6cf4f9388d6e01aa6c633c1;virtlab506.virt.lab.eng.bos.redhat.com
64592646d0669493a085611c851b9e52;virtlab506.virt.lab.eng.bos.redhat.com
7d93ec282545108f5b1ebbd381dca22e;192.168.122.248
d048182baa628eea9ab65b6a4f9d8e3f;192.168.122.12
9fe43d5587a07e8ebd10d169539c4750;192.168.122.235
236fafae0346b34c54eca1991436f0ab;192.168.122.104
0c961895015d490d49bf8982de56e8d0;192.168.122.21
483ebaad25fed81552a12dd0fd0ad59a;192.168.122.173
cfe47d0af9de06486f7185b6beb0ac4e;virtlab506.virt.lab.eng.bos.redhat.com
72cd118199d698771d44372debe90f27;virtlab506.virt.lab.eng.bos.redhat.com
4cce563e0c3cd9e91f6e7078f2f05a62;virtlab506.virt.lab.eng.bos.redhat.com
59b883788b4a992db66522bb750bdab4;192.168.122.65
fad3bfc5f60b17d66f78c48aa0d07168;192.168.122.37
bcad9baed6067a83eb9a491bf1fb3549;192.168.122.107
6d03a97349017a0ed4e947e268aa9d29;192.168.122.195
6cacf117ea033c057604fc74fe541ba6;192.168.122.198
724974bb24348d9d598dc1f482dbf0f5;192.168.122.64
18704ffef25a938a19f3a5b994d0d13a;virtlab506.virt.lab.eng.bos.redhat.com
78727905977c8be0f6cf457056ee808a;virtlab506.virt.lab.eng.bos.redhat.com
611f387f723fe908a9e8c01f60eded85;virtlab506.virt.lab.eng.bos.redhat.com
b7c2276e7f509f7dd54fd84611cce8c9;192.168.122.199
6bb7d5e5db4a0786a87feb0b21389eb1;192.168.122.247
9d36965edf320b769c4d255a033d4178;192.168.122.73
8601e1ae02921a7e694958e21de243f0;192.168.122.186
4c2fddf04ffa2ac688592163c82ba84c;192.168.122.246
1e30eaf3decd2a6ae243554ff3470571;192.168.122.121
d89c8a75d9e54fe33eadd6e0be358eb1;virtlab506.virt.lab.eng.bos.redhat.com
b249a2b8abd136180b01b8225e71f523;virtlab506.virt.lab.eng.bos.redhat.com
fba61dde5ddfb3347d7d5aac512a63a4;192.168.122.51
e6ddf5a0ed9b14d6ae72bc8e83910158;virtlab506.virt.lab.eng.bos.redhat.com
c6c41c4545a27697310e5e16b39fa4ab;192.168.122.115
dfcfb37b36755a44fdff090ddc96e4a7;192.168.122.65
00408aed79a9884633a75a21860675e8;192.168.122.212
5c73ad816b82bbf42e7df70070b795b7;192.168.122.198
6ec42767cb1d9ec69a173a84b9ccd634;virtlab506.virt.lab.eng.bos.redhat.com
6ed294f6abf5ac19b7ff8f8a7c20a91c;virtlab506.virt.lab.eng.bos.redhat.com
3cbdc5b64ca8fd559cfda1054b147169;virtlab506.virt.lab.eng.bos.redhat.com
ff1ac15c8d30fd82c0d7ce85235f3dd8;192.168.122.215
87e394ee68df3094a16ed434ea8a7471;192.168.122.184
043b06f12b8e6320d6204ce0844ad74b;192.168.122.170
bb8dba61bca27304028121dc6ff4b68f;192.168.122.7
4d381dd8bcf9e7a62773cf244845d39a;192.168.122.124
6dd5c7d009ec6394fe29eea1e903a76d;192.168.122.205
44cca6ad8007782630ea31611988dfdb;virtlab506.virt.lab.eng.bos.redhat.com
21f8a3310fd1c046b3aa484539c7bae6;virtlab506.virt.lab.eng.bos.redhat.com
bfed7a95ae7917249b4100c9a2205026;virtlab506.virt.lab.eng.bos.redhat.com
c69a39a516e84b6ac3e57b12295bc6a9;192.168.122.193
071ee8065c6b8f61b1ce411504546e0a;192.168.122.208
1d077af8e0ed7031bc8470e8bf586b04;192.168.122.9
3ff2cbac73e537b2c5602073d43fb474;192.168.122.86
47292fff302dacb180e5374e86e692f7;192.168.122.102
97f49833832a19684eed8b5894a86ca8;192.168.122.189
21ad42f36664fcb402463cdc35f9fce1;localhost
f01dcd771dbfa7a4ff206fef65e06f07;virtlab506.virt.lab.eng.bos.redhat.com
a8025bbfae74d3f61c76267094987179;virtlab506.virt.lab.eng.bos.redhat.com
a20e77d98195a39ea53a9b01423a4182;virtlab506.virt.lab.eng.bos.redhat.com
ceba1faae1bdeefe15e7e74555315834;192.168.122.78
19dda61dcaaae1a2343bcdbd917afb7a;192.168.122.87
3d16d493208a998713c85a871b3e4314;192.168.122.24
63d76887eb0ede6795954e81cdeee291;192.168.122.112
5548f74391716f683bdb29d61c3fbe69;192.168.122.32
9891e78661601ede9f1c4dea7003a000;virtlab506.virt.lab.eng.bos.redhat.com
d276cf9e75f0d6e9a475b78d71caa75c;localhost
cb82b329d505df1ae59f51150d788dad;localhost
442e5245688a4ca35f4bb06a13c1da6a;localhost
9abe82913e000b769016df28910ad3b9;localhost
e5c60ba9256dabfa8321ebe155ee6ac8;virtlab506.virt.lab.eng.bos.redhat.com
0f5045085e8cb55ca960092dfaaad1af;virtlab506.virt.lab.eng.bos.redhat.com
8f450787a2aec8978fc3b959081a0cab;192.168.122.147
783bcc6e792c877e679d33d07dc95f82;192.168.122.93
581de86d8cdb15589f0ee14db14dddc6;192.168.122.247
372d6ae5885e19836277b86c5baef514;192.168.122.4
f275d9d658a16d3d03cbb86453b38bf9;192.168.122.117
a82d9fdb398a0f9bbf5444af64a52b41;192.168.122.79
6b60e17ccb0865228c85fdae40ea1212;virtlab506.virt.lab.eng.bos.redhat.com
a7d1b7c06c4a14fd22c14531ef1032cb;virtlab506.virt.lab.eng.bos.redhat.com
9d10c8ee94fa018d9287b63498e0a74c;192.168.122.155
023f829efa7bef09fc974acfeebe6ec0;192.168.122.48
0e0e5a88c5f679bd6047c0d01cf06311;192.168.122.134
5978129abf7c2aa7d68f7dab836e52bf;192.168.122.137
470d15b99fbcc9d56eaf62f9148bf40e;192.168.122.28
108f3ff1ffe1454e5ea777434a8722f0;192.168.122.39
537d34615bb011259f70cd420fc348d0;virtlab506.virt.lab.eng.bos.redhat.com
68356dce51ece78943bc4a56e1592cee;localhost
c425dc51b4258921322a2f79e9f15134;virtlab506.virt.lab.eng.bos.redhat.com
612b7e28a8100d33768409cfacf78111;virtlab506.virt.lab.eng.bos.redhat.com
66a1245fcf6e8715dd040183a682ac11;virtlab506.virt.lab.eng.bos.redhat.com
88ccece9333c381c8ef4706c0a8cd0d0;192.168.122.38
13bd59b1144f6cf074dd9fb9a3c86edf;192.168.122.103
0643816db44d859909c8e123e6b5a59d;192.168.122.124
26cb4b4ab19f4a60bb6e28388034f17f;192.168.122.212
31e97a54d6d8f0d24ad66fdec503605a;192.168.122.153
1ff2acb9237367163763e7f20fa6ad2a;virtlab506.virt.lab.eng.bos.redhat.com
0c15f28cab2c0c510318c381fc5b7d51;virtlab506.virt.lab.eng.bos.redhat.com
be10cff0c86bc5674278f369a8c30167;virtlab506.virt.lab.eng.bos.redhat.com
f986065e1db6a884369f3d18d5844b87;192.168.122.179
da0826c48f7c135c3802101a4c4ee287;192.168.122.250
219e28508f3ded11ad3a190606623cc3;192.168.122.142
7c4c41aa403da3b75f7260f17255c6f3;192.168.122.242
4cb64f0ea13433ce2f10cc0439ae251a;192.168.122.175
f6c86bac083d4c98745f918ee0b817f4;localhost
c31f3c6d94ec574a96cd1befaf6022a7;virtlab506.virt.lab.eng.bos.redhat.com
36c2934a9c978d7bb3b42590069dcb9c;192.168.122.96
210558969a9927248ef2ee0993bf4656;192.168.122.231
32d86dc759a5b9e507b720af46483154;virtlab506.virt.lab.eng.bos.redhat.com
12990f30016129cb8a76cd8bafeeb84e;192.168.122.42
78d6b4ceb9a8b5586000d2930dfc5e3a;192.168.122.15
431f064200f749bf4c3f842f60f82726;virtlab506.virt.lab.eng.bos.redhat.com
2210bb72cc452deb379a526b8de74e5a;192.168.122.148
f9342440c25564f99094748a65f2f579;192.168.122.212
c0417ac61ef6bcf16b3a6ab465cb48f4;virtlab506.virt.lab.eng.bos.redhat.com
28aee9fc342d05118ff9dd355c134da8;192.168.122.17
c8d3fe863467a03c6988c042daf81daa;192.168.122.28
959cc1500a87c9171495e506ff18bb18;virtlab506.virt.lab.eng.bos.redhat.com
b058901b0f1a34bb144f5e11479e05b1;192.168.122.252
b0d94d18d8fb6d185c640f8d399c9fa5;192.168.122.140
bff7fe26b0b44ecf75a9e1702c822978;192.168.122.4
7337bdaffd7c9a4bb6c53345fd497328;localhost
c870c90242e966ec55debbdc5ba0b72a;localhost
e4bd091eb2033d58161be13e364c00e0;localhost
2c85672e86cb3f0fb0d2b163d818632d;localhost
e1a325ad6b1b390b30c2c3d8a1bbfc8a;localhost
a9e196823744c657ef46383c876fae74;localhost
00f02f038c91f07fbc0ce82fb97297ab;virtlab506.virt.lab.eng.bos.redhat.com
d3430bd1fffd4fba96571047b3227980;localhost
552965c15c0b4e30f6fbedd36113200d;localhost
e6fdec9799299fee353d05bc4b98b561;localhost
9812f04b362586f70b2c846323e3fa15;localhost
2fd7fe19ad7b6ddcd882337856b426b2;localhost
3ebb74240b52bb750006f68437cbaf27;localhost
be7b0ec0577b1701207c32e6816c313b;localhost
5907f45603b505b1785ea813d4b7080e;virtlab506.virt.lab.eng.bos.redhat.com
265873600facee917bae79c4e9a0c85a;192.168.122.41
fb8934f4ad71d7960bcd55e36cead5a0;192.168.122.163
4f19eabc980ef298f2209b1919698b09;virtlab506.virt.lab.eng.bos.redhat.com
0855316e143c5f38b356dbe59fa1b8bb;192.168.122.163
c0133f59947a6e9698aea4e15799b47b;virtlab506.virt.lab.eng.bos.redhat.com
733827550d032c658fbbe321674be157;192.168.122.51
b8d0c86ca53ee86ec5782907f0b23b48;192.168.122.139
5ec72b23ba5c0d06cd5fd1d639c86941;192.168.122.163
fa434fe5bf26d2bf43dcb131f5e04d45;virtlab506.virt.lab.eng.bos.redhat.com
02e254d3b81b5a691d16e90b7c466bbf;192.168.122.199
a14d993d0c53d084c8c727c9d790d9e0;192.168.122.163
9066242f3da190996cb92d2d6c9b84c9;virtlab506.virt.lab.eng.bos.redhat.com
74b0e5789ae39ed72142409f47e20061;192.168.122.163
77a2c35b85cf98bc39b49c09ac8e5905;virtlab506.virt.lab.eng.bos.redhat.com
1d2b455f37ea114aadb36b9ee92670b4;192.168.122.201
164fb7a126bef7e34179949ee1f662a9;192.168.122.163
7ed596715e096bc861dc2e7ceb6c6899;192.168.122.232
d44f2e52b4a6ebc7916a5b1b0b20d985;192.168.122.163
5560c871a88e3daba41904276e96933f;localhost
254517a5d64a9a1c5681a98171fa1dd3;localhost
59c2e788849588ff0ebdec6ff6ff04de;localhost
3da8640ce5cef0a221e14f680a14de4f;localhost
7c6ff5b970566f375c0cd8933f24460a;localhost
36ed4d96675e3abcd11f54c79d7a50dd;localhost
6f31eed025dd4d9e7692bd8fdc73d89c;localhost
8820e88483a36ca784a31f8967d823e5;localhost
837ddd0fafb8a32de7fa7c6671b41e2b;localhost
e736434423bc913e06e9e6ff680c1c25;localhost
d8106144718e2256cad0bcf93a40695e;localhost
a78916b9293d120a2681376ef2d56435;localhost
080a40dd27ba2986469ca670fad2202d;localhost
e16518c272d6beb946f7e73db3552d70;localhost
e377f14c4f6d1dbb885115308db35cfd;localhost
468fd4bae342186d060ef6d473bbe51a;localhost
d6f4ede837149dea921f54afc9a633ef;localhost
5fb3b57d5f4d3ef57fee2fb3987360b9;virtlab506.virt.lab.eng.bos.redhat.com
153d20522cc10e444943d33677f23dd5;virtlab506.virt.lab.eng.bos.redhat.com
19c5a074426ae73dccdc8f1c98f79a54;localhost
473ef2d2808d4c320fe13e2ba870e34c;localhost
8fdd5a1550feed21e7fef6435aadfb10;localhost
aaf0432ac5d18324e5c2e0944e6161ab;localhost
b383fe5ce5caed45a17680dd0a1387c0;virtlab506.virt.lab.eng.bos.redhat.com
77f919959f6923b30c99042da11cfbfa;localhost
536e24b3efb504b97604207ba7fcd82d;localhost
12a5a7dc19a985fe57b92a0fc13be919;localhost
a6bd2244bfd24fae1c314904ce108a76;localhost
32c95eb622c2d9cf003ff97fab791795;virtlab506.virt.lab.eng.bos.redhat.com
c18c0c351c277eb8daec52c77b952ed2;localhost
b3ec66ef15b64938c98021a922dbf025;localhost
b04be0e5b767695437b935fbb46b1821;localhost
70dfdfe80d7858b02ba3eaff739257b2;localhost
6bba5e9986da73bf6db07d26ae71e837;localhost
8ea3452213310590443f4a81b7516fd1;localhost
83d43c906c45fc4348cacdbd168f7218;localhost
a3d3d5c242137d0c20ab8daa283c98a1;localhost
39bb28eeebbbc73eabd5373fad32f98d;localhost
92670f24e5d28dffbdbfeccb3b56242e;localhost
13fae3a4914c4925ea970cf136bad6a1;localhost
6aaf2922db8182fc99712b91a20a6aef;localhost
02aa3e77c1e5c18e3c5016708ebfb769;localhost
910f41ac92f65edabd4c75cde3fef1b5;localhost
a06fdd1b521bea730a30261fdca9c68e;localhost
ad5e4848771b2dcad88da30b092a5ac3;localhost
e85d76bba9d8106463bc9b129cc22035;localhost
e1fe822d579b7f474efa1423e48edde9;localhost
8509ac0b0c693b62b3c6042d52934280;localhost
6715f1717f8ae7dd1c8527b8d1dbf394;localhost
88b7b7c696b05579089655513c328c00;localhost
89d28cdff19e38fdf4bbde7f1ea1a969;virtlab506.virt.lab.eng.bos.redhat.com
3c5271cd158d5adf4620cb39c490cbbc;virtlab506.virt.lab.eng.bos.redhat.com
a320ca8399af0c8f6ba8ef1334b56040;192.168.122.96
8578b5d3505c5ad69c54e66d589c819a;localhost
88c79b429896bec54a956fd1c5c17b43;192.168.122.163
777caec2323067ab8b727c751493bf8a;192.168.122.164
1aeb5db4bdac4478a7102073c75f2528;localhost
1b7abc6507ffde4b91234b20147a1f2d;localhost
566ec82819fd69c697bd7d2fa93d701b;localhost
f1101cb0d11b0e6582b4724f1fcec0c0;virtlab506.virt.lab.eng.bos.redhat.com
2f5303ef821b1d0a071a7f14df36a0df;localhost
f820410ac6c8d1d3b6bf91e3c272d754;localhost
b95561173f1ef421d2860967e582ae8d;localhost
7298787e7631229bb870bff3d862aedd;localhost
8aededc2400eafff41b54b77952346fa;localhost
5fc11a7e997b6dfbbed26296b4eb5af7;localhost
e19ce7161af80cdc9dc07342e490a2f3;localhost
3ef5f7ab559e1266b4a0715e2deb1147;localhost
0f260668308c05eb25813675fe8c305c;localhost
d718870e12dd899ee8c3fe098109e543;localhost
86a89601c38e5d300d033da71d72822b;localhost
703f68c3b93071d2b959b4d08667ef66;virtlab506.virt.lab.eng.bos.redhat.com
478bcc4a9e86a3a5d7204e2928fa29c4;localhost
eceb99eadc61a186e5179978bc387005;localhost
6ff93e443b1a907de8f19fc6d7e802a4;localhost
ad6e9f1cd52fed98697d6b4f2cc111d0;localhost
717ac9e0ba55f29725691fb4822d3e0b;localhost
f3f83358bf480d151d0b7be91156041a;localhost
2a1c14e2029908810f9e8ee327012e02;localhost
2d835c9a45100ded95eeb887f0d4d014;localhost
d41628c4d0953c0bcc8460d383aa776d;localhost
514e547d5314a05244fae2882f50c9ce;localhost
c454256d0c0c2070e64c2725f7972607;localhost
838ba6ea688131604ffc1e930da1e2f9;localhost
71b40a4f83117a99e4858a0864b4497b;localhost
96349d355e1f04c434112cf8ea0c55a5;virtlab506.virt.lab.eng.bos.redhat.com
50346a7f296c49012031a324cc9c13d2;localhost
f7bc434d6eb7ca2cff7c0bc58cb459e0;localhost
d73d1cb5495cf7b3f8f44f8aa39193f4;localhost
166f38e36c26bd62e5f5dac1d7194041;localhost
eee0b8612bf0df2b67752378edf84480;localhost
d560eeb88c70582ff67b7f8df8209479;virtlab506.virt.lab.eng.bos.redhat.com
c3f778ee9ebac4bd0bbf51ece2d61da6;virtlab506.virt.lab.eng.bos.redhat.com
1f205205b91a2d793e9815f371c181e2;virtlab506.virt.lab.eng.bos.redhat.com
5df94c70358c3677639b9015e1b9bdda;192.168.122.95
27910932bd253bd1900b7965300890e2;192.168.122.234
d96b39d8859553dc400b59159e331212;192.168.122.40
166d4627b1a38df71159895d0c2ca1e7;192.168.122.201
c9d145c95d4f2e4d8df952f5fccda385;localhost
5491396618aeb0ca6a271672ec90940c;localhost
e679f85e30ce849ca7747b7e026b5b74;192.168.122.251
ecfbc041abcb0ac348c3f5b2374ab44f;192.168.122.207
40e1729aacfd486af571d99128a36f29;localhost
f3b1b61fc13f2c1c4b0a530c1101082f;localhost
25a28e4b189dd932a115e2521d535a5d;virtlab506.virt.lab.eng.bos.redhat.com
e0975a543e4c5df32547ee6519e59c90;virtlab506.virt.lab.eng.bos.redhat.com
854d6777abf810bd8f6a3be88e8671cb;192.168.122.9
1403d92d36b0e7323aa09a4dda68d6bc;192.168.122.134
e96d8302e573fe4354ee2a14c9e7763a;192.168.122.72
1866916b40c5ba600c5563496fdabb10;192.168.122.173
fbdda98500a0e726504a7ea5cc5453b4;192.168.122.152
86c9e62d3de45218e1747537bc3dda6f;localhost
cf86e4fa391ee75d447517a39ef7d074;virtlab506.virt.lab.eng.bos.redhat.com
72ce5ad88527f6089b0818d47536958e;localhost
71694c8e754a6b6a3cb4b71f98b054ed;192.168.122.166
9eb2b2e99bec49de450d4198e4de7cc2;192.168.122.209
1a92124dfd1e58ff560e43038a5aaac4;192.168.122.214
5d6300460888af9b7d9c5fb95af21675;192.168.122.93
5f1d6643d95ad0c36a5ca259c595d240;localhost
b658e0dc4af8b3e74d311782b035695e;192.168.122.77
6d866757f3e010e74b3ff465433450d2;192.168.122.167
7e9187646aa8c87c021b80c61acbb032;192.168.122.27
a11efe208b306b53c49d06d5e6bcf74a;192.168.122.70
c36290aa42cfa73e8fb3b5cb49b7d766;192.168.122.201
5d09fbc548bff0623b4f4d8569edee65;192.168.122.195
f45d558799e657c6247b8011a91e8c75;localhost
4f76d9f064a2dcc5d3d0d4137a5c6c12;192.168.122.104
9b63967b70acfbfaca3794ba206c139e;virtlab506.virt.lab.eng.bos.redhat.com
7476c10a54c7a51111e3f83f19665dbd;virtlab506.virt.lab.eng.bos.redhat.com
654a23830ffd2bd721d91430a166aab5;192.168.122.56
924285a9331f35f0f1c2c0a77c10ec25;192.168.122.189
51e02ecd66685b438e69e25ae382366f;virtlab506.virt.lab.eng.bos.redhat.com
b73915e0d87861b3331cb8a98eb7eb88;192.168.122.6
de85b2ca6e7bc89a8fc1682b38a3519d;192.168.122.20
e378477500720d30732bfdc5e71281a1;localhost
5316a5bdaffe6b3d6321bd129faf69d4;localhost
998a715dfd19a1b91a03980affc1b266;virtlab506.virt.lab.eng.bos.redhat.com
407e82d148247784f2dc52c175c1180b;192.168.122.177
a1559eb0e236ddc39b1e6b3b440f88d0;192.168.122.209
30c4f2b030855104d110d1aa6372f3de;virtlab506.virt.lab.eng.bos.redhat.com
b6717d41d87b0b88a1198015f0a2a2f4;virtlab506.virt.lab.eng.bos.redhat.com
199afb1cddf61f811ac3d7a410517001;192.168.122.209
fb0463f5faa411476a991af7647299e2;192.168.122.35
5d692f8cdf476eba1a37720eb5c4f1b4;virtlab506.virt.lab.eng.bos.redhat.com
9110c39f62ea40d7c7061495747b71c3;192.168.122.26
618a8fa289713ed1526448083358f8bf;192.168.122.120
237107e0a5a5d94ad3433c008983a25b;localhost
32342172d8acb25f4dbbb7ff1fae3531;localhost
b868b1b83e8a5aca2eef656f3f51a40d;localhost
817dea32517f005310ebd5666ca81a80;localhost
f4abb4b8ef63b3b31d2474063bf46967;localhost
9bfe17f2403b4f0e08b0030d2fbded02;localhost
a9bcb169fbd6dff9eaf3d47da7b49d13;localhost
ebdd689e24eee0710834919c0b15a5e4;localhost
308f9b6e349c501de4643c8656a16bb0;localhost
0aae604c2087858e384e179ab5d1932f;localhost
8131da648eb3d0984df5366a7d751efc;localhost
f5ae3c55b5245b60e81e477567a08168;localhost
657cfcd2dd40d1814a2e524abfd942fe;localhost
5d87b4f06a43b90a10096b25dcaf1d2a;virtlab506.virt.lab.eng.bos.redhat.com
4ef9f77745e92b1056501d57772447c0;localhost
f9468e49af114ddc32034f2a37653b03;localhost
5e40baecbc6b541f2f24067878310244;localhost
0318c4ffd8d6db16b7545252609db954;localhost
05072ce0badca01a750ecc3f17948847;localhost
f44955d9425ceeeccc1db720f71387d9;localhost
36d65a80893917ccb124a54347a0dac1;localhost
2b088fc8abe43a52c005960cd864d804;localhost
ef374c15f2f4f359062855983982fcd7;localhost
18a39b4218611ea96907c6491db66c2f;localhost
7d8423bb55704bb34f3080e4cf5d5175;localhost
05c65c7780be9f3261c203d6ebfd3817;localhost
3b20332ecafca6b98e096cfa03a7d8d3;localhost
b74036a7072b8d948f287366ffa2b350;localhost
562ed9bc0c1c90f4c18795c1baa896f2;localhost
d20245cf24eebb1b878608892e1edb3c;localhost
965ae23afd6f86382ca9705f22e0728f;virtlab506.virt.lab.eng.bos.redhat.com
8d6b486066585b618e83ad83797650fe;localhost
c9ae6507b7eedfd630dc1ff38cdf097b;localhost
8ff0d56d8a202164d832bd832278415b;localhost
9dc358e2a77fdb196af266e5e7e1f2b6;localhost
ad2c055fd5319fe7632406ded70c63e9;localhost
f30bcebd18fd357330678144e2fde061;localhost
9984da389f9e8e51814daaf58773d387;localhost
df412d9df8ebc3c2aaf3af53e5707e2f;localhost
0bb9012565757e315b8b9303348ee117;localhost
2d2d68181a2b5b8b61b22324de0a4fc9;localhost
1f26425542e761f3f9c0647b96c9d176;localhost
c1bdd036874e07adf027d1a6fdaa5b5e;localhost
399c81cc93d7fdd38cad5360a090bac4;localhost
affecff4bd7ed55b93c77c99b38aa1cb;localhost
675a2449ed9604233de7d1457def52b5;localhost
ad43204c6199fda83f2979439a0f5888;localhost
2dfc40ce92c30321a76b74acb7f3543c;localhost
0b5ed1e1453969066b14a4185d10b4c2;localhost
109a0e0e4518f24e60c215d0dd5d73b2;localhost
6ce411545883d9466cd771dcdf51af3b;localhost
58bcc10e41a95c540a84a1308630b2d4;localhost
188cb05d9f91e661fb8099b24a52755a;localhost
0cfa00694ab983360b17f95973f97f7e;virtlab506.virt.lab.eng.bos.redhat.com
260f1b2c19c25ff57a4399ca4bc5ec39;virtlab506.virt.lab.eng.bos.redhat.com
8810dd84e561312322ae831f519c8439;192.168.122.3
53a2ffc74ae2a0f36dad0f2fdf0de636;192.168.122.185
e210d566d117750884496c0957fff96d;localhost
2488c39786d2a8266fe0021ccb1e935d;localhost
9c4a5dcf0ba0e193ad6b3df26e8e727e;localhost
bc24f05c7e97e853d6fe671e109f9371;localhost
908488961fc8639c939d8a9d752ec93c;localhost
40083a1bd30429b09fa2f521171a1128;localhost
55b7343d079fe9cd4f6357c74ec44c68;localhost
a554ed306b0dfe9127527228765f7799;localhost
952dc91f7f08941878040249515abe93;localhost
0c248b5effb6c5d638c2e2f472f7555b;localhost
71b38100727ef5ed75a26e18fdd8db4c;virtlab506.virt.lab.eng.bos.redhat.com
66036dae5bf774476964e9381067de54;192.168.122.232
889d8cf7afefe319b31d84de188102a9;192.168.122.65
09b1f8fde4ddedb53ab7c88f11abc374;virtlab506.virt.lab.eng.bos.redhat.com
485cf70e999394b741742fce90ac0d99;192.168.122.225
2287bb43174dd5a4b6862eb2a8f5f42f;192.168.122.111
24ec8477c2aa5add5cea9f14a03a9542;192.168.122.54
3157304c97176bb37c8ff17677ec4e0f;192.168.122.44
e9b593d8218724f3a9e55925af9758e6;virtlab506.virt.lab.eng.bos.redhat.com
3b5641da0c91a1982d6502c452a700d2;192.168.122.107
a3304ce10ee62859c58fbdcad391dae3;localhost
f3e3d69de9ee53640d87025894e31995;localhost
43e630eca57f2913dc9ca3aee23f943a;localhost
774923c6b83e8680990046d142ed2150;localhost
58c1acef28d9536769191284c351edfb;localhost
3fb208b03d36cee2005331d98989af91;localhost
c7899cc41fc569dd5aa087d3cde5f6ac;localhost
e87b6f069d38c33ea0070b103aaf9616;localhost
5f837630d48dc9b65b6d59462d4c1e48;virtlab506.virt.lab.eng.bos.redhat.com
eff2c16dd1be70f364b12fd9533c4523;localhost
4e5eaef44040885e32f3d41823ad277e;localhost
bbcc72bdc668208091b371e8723a90f4;localhost
b99211881b8937a59ae3fcbc338a16cf;localhost
7e3092a9a64bb3a5215de2915ba47fa4;localhost
081ba3d9c1dcf1f4dad9371dfe02a6f4;localhost
7664733ad1619b0afb094378366ffddb;localhost
45b9583f9b8496d0c2c2ae9d88d85c13;localhost
571daee9c3d8dbde9b3837ec5ce494d9;localhost
a2d01f1afe9b1444e78eb95904293f24;localhost
eec0dc3f5e3a2efcd25a57743267dce0;localhost
208c60e085669e94d387bbbf1ee87532;localhost
ecf457b22bbe79ed69f5db19c711c606;localhost
71b6ec0aa0cc32c317922ca440a6fc72;localhost
3a1981372e513e4959ce313b61f9cabf;localhost
61dae8c6d21af5ffcfbb4560f56f9d4d;localhost
094b758bc4b94e8addb854608d64cc6a;localhost
96d0095fad6605127fbf7da35dfe3c69;localhost
01c0b0f4b96ea716b1cc30144add75a3;localhost
0e473b664f05ea7063213f421086a2ff;localhost
c4e489126c1baf92cae61d16e1b3c466;localhost
792b8f2641710cc0618c9d86fc849a2d;localhost
26f6839d9b9c1d8dab2559d5f608e834;localhost
76778ffd750ed3c83aa2fb4bf41165fa;localhost
d14accfaab26af7ad6e1d0e8a6110d82;localhost
fee48ba8e3ada940209dc4429802c83d;localhost
b7f15302d001bbd37c2caa6723041bca;localhost
aa0f198a72e15b1d9d61b1d60194783c;localhost
d244f0ad6a969c57482c04f632df6e48;localhost
cad24db748e0293ebe11ff0f1874d19d;localhost
050a0f562656c0d84250f35597dac634;localhost
fc928a862f75ccf1d2e7af3ca60d6846;localhost
d9458339751284ae863b9a5b41108f23;localhost
fea25168f1d62279cdd2f17418922b62;localhost
f98ac16f8fad0efd87478b98b8efa78d;localhost
a219e282c382dce01c39bc2583f040aa;localhost
1343d7ae7f58fc286828b87d30f9e246;localhost
083b0b2e4d05da46ca69e42892fb1f0f;localhost
22b6635711f7ff1a3fe0d286375e7eed;localhost
594285c38f998cbc1f1ee59711442a0a;localhost
fe7fe484aa3ca07f40ae2eec2b95d849;localhost
c1ca55531ca8115a4957099ea7dd38d7;virtlab506.virt.lab.eng.bos.redhat.com
82367809d341e7f56ab2d3cc5894131f;virtlab506.virt.lab.eng.bos.redhat.com
a78e30c120c943b19542112675388714;192.168.122.132
1970375bec77add248bc7f5e05dbdf28;192.168.122.46
e3e7a0dadaf3d41f293764d4c393409d;192.168.122.32
999e6a708acf54ae6a2a5de6668b72dc;localhost
a360e5118de0d4a45390474c4e06c01f;localhost
5ec5d6e9a5db402209ace8bb7b9fba8a;localhost
2309e4447fb8ac99c3f78ef9cbd483db;localhost
fd39c52b5dc8b8e00f4c15232cc54fa7;localhost
792a5400b2a24ea117a31b8b63f36c5b;localhost
b15ee4fcf9a096c872896740fa3cd28c;localhost
f8969abe08dce3f8208cef5803a8a3e8;localhost
ea8c3b2984f48943699f23de4f31a288;localhost
70486d2ce31e4c9b04280ca17044d9c6;localhost
f34c5c48c03df68978c54c4a0b803302;localhost
05f9cbd5848ea2bd405be3fe6f959b96;localhost
a3286a8c09d1046518156322e20526c9;localhost
56308ef236424c0e1e26c52b6f7e39e5;localhost
d28ac21e863832f5ff081bab87ec372a;localhost
467d0e309f0ad9e594831e0fa2e2caec;localhost
cfc410f96e5149d1cd5da857428a778d;localhost
7ef83b383801d4fa2b0436b85337ec7e;localhost
28030ce36fcfbe8dbb384d3c3135641f;localhost
d8732e70cdd5e9e51bd7a760b0bccd13;localhost
93b729d3b65e95bf765201948dd4681c;localhost
0e8ab4fc8ed79ce9b592625139005aad;localhost
7a7cfef8b27b69a6c7362ddc0059cef2;localhost
0dceec18e6e819cd505c4aae1712e63e;localhost
9c4a0144209fe8e33afadcb6af489b1c;localhost
3d7e801bb280e9c27456def138e21d37;localhost
5a31a479e4ed107b865c181dfb8a95fb;localhost
cce608253047d81836bf22c451bd3e55;localhost
a55fa843fca3e39ae1735679647b2bc3;localhost
74b8fea1a62b4acd4d6eb46b680a6b5f;localhost
ecc0db6b5344940741c0e1461bc58a12;localhost
47124fade9707022a98550c08ccac576;localhost
094165fc8605422f86caa5d15ba70810;192.168.122.200
1162624c3725750cc5e32daa3f9e6a50;192.168.122.237
8258404553b645c8cf9d37453382978d;localhost
f3f07c4e3ae9db320648bacb3df53ef0;localhost
144af33ad0cfac86a611e159a22546bf;localhost
f62664045cbef2144917a445906d36ca;localhost
789dee0bf3040aa71664982bc16df82b;localhost
cca23dfc2646416741967ef17b1c4949;localhost
efbd8d069c2206580e5dd5aea25715b8;localhost
e52c57e43b1fa2dda0758e10a25325f6;localhost
1505ba5daa4290eb1274547c19834635;localhost
1efbdb43ddf1e43a1408623ca45dd274;localhost
a13acd729bd8c9d0bfb67b458f363842;localhost
6d0fa844d02100d5500a0236ba869887;localhost
240e576350410145a7f7eca176b38304;localhost
f0c7a321b47e532ba4b59a96b712abaa;localhost
bd3e4c3e6c45714094459784d921a1d8;localhost
cccf8cfc9f48258226885ecd79533a43;localhost
4bba758e70fc9c8e742420a954405f55;localhost
b92d781066da55aee45102ffbc995a83;localhost
b5ad87e9ec39c5be260d47c1526bdc60;localhost
aa41db9561703b55cbf0c77ee028d50a;localhost
e0450bbccbeccb9d6ce4f3114a28bbd1;localhost
86f7a17f5f104ec8c5f34aeb089257a3;localhost
dcc01e48eb55d67b0ab84e10f017d9a5;localhost
dc722c8cc0792257b00e684076e523e5;localhost
9de799ddd2551101df4934f7faee614d;localhost
2e331a05b909cae2aa3155d0630a23a7;localhost
b6aec0a917efed708f7abd721f44da4b;localhost
1a3febe2c4b3c922f92a0f084483869b;localhost
fbf146763fcd23e7073178e1a89e7e5e;localhost
d936d2f07c58e8bc7b6c6b9c29936c65;localhost
16db726233b5deeb772d1633af6d01bd;localhost
4bd35bec8a1195ebffcde21b99162fb4;localhost
c1cddff97dbd65f1c7a6ef076554a1dc;localhost
47a1cd08716c7626b8a212fcb6977483;localhost
9987011e177e5461196a08b92f7166ac;localhost
843060644df3f7c7ab318f9f789f8e60;localhost
813e7d0c955b94b62d44b1e6d71cbd8d;localhost
db14c601e69125c8be2d87ae279ccd0e;localhost
d4ce0dc52ab3da0b28d03d3080fd1a6a;virtlab506.virt.lab.eng.bos.redhat.com
7bbc599f32bdecc8bbcaac9e921f7065;virtlab506.virt.lab.eng.bos.redhat.com
9866350db71d6d80d491974b34126340;localhost
63258d93d3f08a84e0770499292dde74;localhost
392468736edf8ab22f6ab18cc7079b44;localhost
c3a61f317a6f8b73b21d23dd45e5b4c6;localhost
859ae9a397b42b8881e1d0ca7bebcdc3;localhost
ea142efbeeb5462f44d2b2800b1788e5;localhost
8d1e497de20722ca7c3b6bb7ae5c705f;localhost
e2427f45b37a56bce6e7f3e0e6a2db29;localhost
6a945c91c80d00df85710abebcec88fe;localhost
7f36b5719e9e045d9a3db683371e1c84;localhost
8801ff8ea69695d2fcc775e728d4b663;localhost
73830e6fa6160d8c41a99c01074b8fd5;localhost
3cfa51e5b5a4c28fc1e776cfbd29a45f;localhost
dda16b07b4afcddd8c92ca115c432f6a;localhost
5d658019d2a36d6869f35f386b7776b7;localhost
4d27af25928713d954f17956c9e7dea0;localhost
1ac1b32ff1d0c0ed1e61af837547ae24;localhost
a13c2ec84f076c6c24f7d8e7bd2b072e;localhost
299ba5aceccf913dcdf23ae93053aae0;localhost
f1a36cc9b5440343600e6d7d210ad457;localhost
3ca3ab2a82b379781e70da56951e4280;localhost
f80694364cc673c0c4a8033d2cb34b90;localhost
60605445da10646bde30f65d0b919b78;localhost
22183213b074c0ea0933bd03e26da9d7;localhost
da2751f957376c72be1386a389230392;localhost
a513b094311fb2ef1c1963376ae8a15c;localhost
bbc2118ba5b91c11025500d45bbee7af;localhost
a0c63a9b6e884fc5d04b792b84c238c8;localhost
e26c36e5a6413b91c86e8c46f40479e5;localhost
ce89eb338bae9f050f40fbc4bf894407;localhost
ad57b4f59bbddb3dfe85e4b7c75cab10;localhost
cd3f20ec476d1097997759671304cfb0;localhost
8b8acc808faf788de1c191d83868f64e;localhost
c64f34ab73d0fd0baa737224940c0e76;localhost
10e94f6617ed9820db88b0e53f88abb0;localhost
15ce7844b73cb5ce6e00389eaf7c6b60;localhost
8c987846e116996264812ce2ae749e45;localhost
6a8243a15f0884634594f23b242579da;localhost
0994b829703b781263df0fbede5303e3;localhost
dc13466a04bafd0a80ca45d4cf99294a;localhost
b15b43d2af972a1f11eae7bc2dd31c12;localhost
0162e79f1dadc2be3ab2e3e4cdde385c;localhost
4a49fb4b7c6c78b5a5d7f3d5ce8eeac6;localhost
8d7cd3471a3d634f29dec9e7b5be19b7;localhost
4ac4ac5523557fc4037bbae7673b9235;localhost
cb183c39ae16e9cd936406502c39db43;localhost
b8646dd9b14bf5dec2b348c0e984c357;localhost
527cc37b543d53f755a1d35576029e9b;localhost
5bf55150b2dbc7413239791416202cb3;localhost
38fbdb7d04186cdb9c71170e4710847c;localhost
ad04cba7343f3d4d696d508c19255142;localhost
ff3e740ab6cbfd3c7efe2bf69f471e63;localhost
4d70de709488523576e5e1bb916d120b;localhost
6c3f3c952bcc62c1122d8f0ff0f15fc0;localhost
db7be40a123a03a7701c56d5bafc1dcf;localhost
17f92148c60f09bf68b2559bc4a010d7;localhost
3445225e66635b3972ad8c754628d510;localhost
9a2f3c790e974b365bf1982ea7d78e98;localhost
61c6666eefe33f5e326f7b223d692c8e;localhost
345a2ed1688fc5832a068369f6f91dcc;localhost
b4684963efd6b92dd9ea0924e297b0ca;localhost
08ebbc464c4929628e95b2a72cad8977;localhost
c0609e15009ef66ca29dd889c6e6ef3a;localhost
d0d9fdcb950127a4f26eee142ff0b1ce;localhost
cc9105681881e2048faaccac9991862b;localhost
1d6e7d24139314561197116d3b17c0d0;localhost
f1686c58ccc1c5a01d8b93a80e86dfc9;localhost
bdcb8b49de9c0c370272d7f565039ead;localhost
e8c36edd04e9011dacf9274c507b6897;localhost
ddd32dfa08c4e87250c0217b1bf168ff;localhost
9c84731f50b88c41a785746c2e278b0b;localhost
ec9ced97f91683eedfb9ad7af62a81a7;localhost
47443ee5de77376662525f488b73044d;localhost
5de63fe80de577397fc2565c14e81e52;localhost
e08225ab2dee31e8f12ff9688760835b;localhost
d50ee4b92ac7647ab810b0716ef7ab53;localhost
101151f828991e5f0d125d3611f24dec;localhost
bb33826813fb9ec7dd104320f75e703f;localhost
7e56de0c6643602569753997b03ab28c;localhost
8ffd0f2a7175bd8d70201fdaa2931287;localhost
f8c46acaacfcd7a2705e3e22d4a2147f;localhost
bca2b7449e6da5523f5a9888f16d8594;localhost
3feb86bf9b02b3a15fe7aab8a8bdaa15;localhost
d129778913bf02f497fe5daaa36a4c30;localhost
a41ab249d58589b34994ff282693dea8;localhost
bccb9580dbde71c899a2f9df9ceeabca;localhost
cf00ea6b323a930561735aff0a16e634;localhost
750ebcd599c28685f1626122a3ece005;localhost
564e162647577d7afa8d903433a11e7c;localhost
2e4c307f3db734a47fdbcbdd9ef64482;localhost
edddc34c1a72ad6bad3ddedff68cfad9;localhost
4569335c3d0cb9433d5cbb621dd2bd21;localhost
ea9e0c962fc39adb52f822f680e1ca4f;localhost
bb42866d35c4e702a93649c2b2fc2043;localhost
6f381fe915aa612981b14806c82d594c;localhost
b5d88e6fa06219515218bdde86979374;localhost
961bb9b06df84b74b5a75409be88d94a;localhost
9c43988f195532379043fde9debf16b3;virtlab506.virt.lab.eng.bos.redhat.com
51dd20da60fc708ddee6e0be5d542b24;localhost
3392fb3ffbb481507f504b6a4a7a8fbd;localhost
dcbc368c7768a877318805fbad468e7d;localhost
9951330c807b6719fc12fb501512b12f;localhost
307e0b434a0d4cf0f3aa75dad8c89e08;localhost
e84001f79c9668aab4ff5341fa9c523a;localhost
8888b3a5eb909c02b4438a58893de970;192.168.122.53
8bb08fc94c355afc93852fe0c40f2590;192.168.122.75
488dc3208b1a9b461e4f3072b4128059;localhost
e6d0fc358c064f86a6d4e02ce378247b;localhost
6809ae1d3f4e3b2e4a370ecbd9f942df;localhost
961f8623f620b895623ead7cedf7adaf;192.168.122.69
9df221ef75d9424878b0928953ca7d34;localhost
5cb2b80e1de425aef557d2ad0949e814;localhost
c36b11b36e5e19e513f9090ad6086a99;localhost
5f6d1696e9fa4ca27788ddd9ceb5ce05;localhost
f58d3840fb7ed79d5a5802b8ded6dfdd;localhost
8ed635090a285ca723f585447ed9056a;localhost
d8c2d87fb875c33a879ce7b70a326b42;localhost
e578d9760cec993f6a168a52a919d4ab;virtlab506.virt.lab.eng.bos.redhat.com
774fca2919cf94f43a0e6704241930f7;192.168.122.246
bb85bf35b36d417824ffaaa23a702a20;192.168.122.175
d90f9f41469592df68e9fc52eca0c463;192.168.122.219
34eb1b84e97566ac38e8d0217733252a;localhost
c12f86148661324b55e229da4d51690f;localhost
e63b745baa7da52c648b8c546d5ce3d0;localhost
d540bfdefb81cd8f5a279fed0961df81;192.168.122.197
cc0c3601098649f5b659eccca7ddf0f1;192.168.122.237
452e24f33d114756f37dcd5331346c53;192.168.122.84
790cb88ce0335bb86e06c9fb3fc68af0;localhost
fbc92c3cdbbb46e1cb13c7dd066f0681;localhost
3d588c06567108d4715224cc7ff0d1b3;localhost
41798bf06045f98a79e9b0e6debb26ea;localhost
13b8463ce9d434cdc53baeb65690face;localhost
b16d8a252099b5f850de7001c4d21630;localhost
3a6f08d45c4e075491c6acc72788ad14;localhost
7e48418625105faca203b25482829e61;localhost
5fa6bc4c3ae85aa9c4ee419c3d28d4b8;localhost
b060b701885d92149dcf8e33268384d6;localhost
a515a489111ea3f50a23f7aada917692;localhost
7b7061365a8a161acd6c7a2d2db1a2e8;localhost
d9323ad232f80471683faa8fa5c078c6;localhost
4d381100dd76027169b2d03d019d6f04;localhost
590eefea594d15cc21bdd3370d211651;localhost
2ca898bdb14c6c02a178123870e1dfc4;virtlab506.virt.lab.eng.bos.redhat.com
a5e45c0a70b38df52ea6c2d7c81351e0;virtlab506.virt.lab.eng.bos.redhat.com
9469394d8fd7a9cca2d39fcb77277a48;localhost
c77dc8912b61886f5cafd3c3dfb7ecb1;virtlab506.virt.lab.eng.bos.redhat.com
d1553e11dc38a8bf0115bb117b554b0f;virtlab506.virt.lab.eng.bos.redhat.com
55ceb717b6b1a30f23e60960dfc54210;192.168.122.133
0b9ff60d23aa14f7dbfe803e43aeea08;localhost
8ff29887f54c56cd9babf387256a5f80;localhost
331ccebf6d1a0ef68b77df768b69e80e;192.168.122.187
6e50eaba8a05c19f2026527f116b6f56;localhost
66e6953673200be2b7595650e0f35b93;localhost
da96925212f7d4c1a1b1f5e9448c8135;localhost
e6e0bbe5f629b2b88f8bf2a3f69d0413;localhost
2482e564b176e5a532d7cbf1ca745816;localhost
99af39ced1712058ce9569e93660f286;localhost
1344c1da1fa9fcdc3edc9afaf4db5545;localhost
fa347647e5c6ea64f7e3fc60dc3413d8;localhost
f9e47c54a481361f795446b6072477a9;localhost
3a21f42e5bd54215b790752133fb889a;localhost
a9cd4337b114b51dbe979852ec334c49;localhost
55b8b3b25dff3d80edde8caad0db8ba6;localhost
2e9f7f02beb492144157e1cbfe9b731f;localhost
efc494f16178775bfc5c20ac9f09ed36;localhost
9c03bd4f9f8757bea9380b7f66007ddc;localhost
7cad900bbe509d1c642882cc1fc926f8;virtlab506.virt.lab.eng.bos.redhat.com
7d80d65066f38dfe328468590b1eae7a;192.168.122.170
e88aba12204156b073963c51f0cd0b38;localhost
5196b5e1eeabad1b49c3642417bc67c7;localhost
9fda54643cb4ed273bcdc4a99317fe00;localhost
23e6ff1bcf784feddffd5a17b3a8d576;localhost
4cb3abfb97751beaf7f35db0ad91b94b;localhost
86762a0b176cb0b1407f30f8b68961de;localhost
babb4f0cd200b64a28cbfbe44f15919b;localhost
a040d480f9801954a55b533402907c55;localhost
36d453817ae90d13e7494856e0b08c87;localhost
2cdd6358664d01e422d2a828c22fb3fb;localhost
0c4c01050bf571f2b4316873913176fa;localhost
4c34d398e030d03b052b9d694d4dd6fe;localhost
6c8ceacf6e5a1d62471f858cc63cbe43;localhost
3f82ec497e10ffcbe2a6bf247641658d;localhost
9816564ffc02bc451ff88dc541d43665;localhost
0ae60c8a62bd25d6a238ba0a68118567;192.168.122.53
311e748fbf39d28cecfd0fcda0e65faa;localhost
c61ef90f46be4aa7c1569c10ef7a4815;localhost
bf10bc5109a9c937bfcf2e99471639c0;localhost
da732d887d1bb1a836db37879d513eb0;localhost
474fac77f0c5e074c7f537699c1a7e07;localhost
04da9ad078ab5def2cf4d6801b3a1c8e;localhost
82f2b48a4b139b94aea964ee64f20660;localhost
6908480a97a895b629bbab31bdf9c305;localhost
06ba11c49f03904756fba50bd7457685;localhost
b528792f235399b19b761d6c9079f0ca;localhost
0bb92d406a353ffa5a486b4f465b7260;localhost
2e03b3763c80fa4f2da0ad2043c5419b;localhost
bacdb42c01ab593125927403e37a17c1;localhost
2579fd107035c6c40a143125239ae83a;localhost
696cdfe46af05334ab248ddee20a426a;localhost
c9015b3d74043d6a8e6be091a4d59629;localhost
e515e8556cdbff7b2fd18b0763fc99fb;localhost
18b5ad47933e34a49ee0d6024641b6ec;localhost
6284b25b11334bb42de7c1d72818afad;localhost
c46ef84b7cc01e77aeb7192db342e0db;localhost
d1cf50951fb22c10ad3c3dbaff053334;localhost
dd7459e25ac0d3dc1f87c929708bc275;localhost
c84838fee51050f5181e5b17ccf9c136;localhost
51231122c16846b8b5dabbfb0514b1eb;localhost
8572ba4de781fc54da32623f18288cb6;localhost
aa8f3cea6fc6d7f90492aa58c8ea0693;localhost
708d7e4cc13bd70a1464282b13be0fab;localhost
8141e19c58c3826c82b49540b0d8ae20;localhost
a909a681b979ddf6a5c0e96f71b41d0d;localhost
1028a50522a0017bd5f1e5b34de7c09c;localhost
022a91124f51243bdc04a69664b39c6c;localhost
feaa6a991306b0b5c4d6cddaf20af907;localhost
041ae4286fae161994fe1327b0914d1b;localhost
2f759102e232d01a6fd5d8b978cbf2a5;localhost
c992a604f4ddec789e83875418b7477d;localhost
3a80b073b4b5c8513ff801c0bf25f6ce;localhost
829860981caeb29d852b907f317de94a;localhost
4f05c3fedd05d292b10ae32912ae97d0;localhost
c40cf038d168f887a0cf047950c8ab9c;localhost
53d3736bf0a0b923009d48bca13d5624;localhost
cb10383cc53f8d37e63224e27515717b;localhost
1996bcc11aaf4b406e469d71d14e22b1;localhost
eab62352b99e21032887cd4fdd9cb8ea;localhost
3684000176d00ce5733ea1100698e6a4;localhost
d4a4cdb6579d29430a8522886d678a04;localhost
17002a0919140c1607e9ff5dce841d1b;localhost
3906e2303c85a0b5255f5f167d31e43a;localhost
6bcf135d221370ed2dab756a4a5ca037;localhost
3da94dd6bc9b70021e8b3f827f1b52d7;localhost
3001fc5e00b6b5bf8a5618eb82aee916;localhost
ce1be40aa7b2e47225fdce47bb34b51c;localhost
486a92a032c9d081b162bd22ed1ee933;localhost
1980cb1198d9fe55ab600821c039750e;localhost
427df38ae20e265bfa7528c163f18bd1;virtlab506.virt.lab.eng.bos.redhat.com
0ed4a2edd706defe27893492a203ee4d;localhost
78357e84e3fdce1cbee9f3e28b6fd125;localhost
ff6f5bead9e790a84a2ab3e3bb71cd94;localhost
df6bc538de3c243df9958f3fd45440aa;localhost
028c4772fc620bedca50e1558b6a37e3;localhost
ecaaf4587c6b11da96cc443d611153d8;localhost
e3f6c0dacffa87139c18733a9c98be66;localhost
1c0a9da93b4514d20ff064a3231812f3;192.168.122.22
b88eb2bd970a6a8f7c474e770f172847;192.168.122.242
cdacc29907ce10ff45e47b6ebd4ecdea;192.168.122.114
3fe3f1cb50491adbac3da1688947d183;192.168.122.227
ecdd800e6d0bd6d849d50b3b6d4cb3b9;localhost
1efe2e024c13471f4a4575f8b827d877;localhost
6cbcc953058b3db71175a90fe8a22362;localhost
bc887d1fb96dca26424dd222128a612a;192.168.122.49
164c1875b197b977474d191e80352bfd;192.168.122.5
d9dc0eecd1c5bcd20f542ca5ff325c6f;192.168.122.149
db7541c5ee02fb3286218c25361cc8b6;192.168.122.245
9f69fa904c0ce7ba6efce3dfa1f207e2;192.168.122.141
b211aaecf2fd9f69593f17e94dc989b2;localhost
896333db8632cc51aed6026fd8694207;localhost
584588776c9fb3720f6807da7f73b5ce;localhost
98d7cbcc5829c91b40dba16a9de76526;localhost
60b5824309023cc72cb20644d0d60c5b;localhost
2dba504589958242d8123c2c38f0200e;virtlab506.virt.lab.eng.bos.redhat.com
f6b0c0a70fa178b95b2dc8a8dcb0bd94;localhost
b74d41e3419ad5976994656ff561b7e2;localhost
4550cd58ea197140f8894cac30c35dc2;localhost
d6ec541568050f3a91a249617a64bf51;localhost
4b5f3d1b6c8ffce9a1bb40bde0453a1a;localhost
78b96d019944484cf5a37da2917f27cd;localhost
8a3ac7af70be610e114e18f2836e3bf1;localhost
187ecec9a00996183725105580c59bf8;localhost
d7e15ff92e4f784b16d40fc9feeaaa60;localhost
ebc31b7c23d573064e2d17d655e51176;localhost
5a2b9f09ff80f77d3b64ba78f4df8326;localhost
da13af3d001f2fb4c885406cf1af8dee;localhost
f595ed7a20400ced0e5d51b3ab1b6529;localhost
29e87535e74e0d0ec6a66fa57a707554;localhost
9cf0634b5262d068134b290831e84bd0;virtlab506.virt.lab.eng.bos.redhat.com
d795a9d2fd19935e05e762771e5dedbc;virtlab506.virt.lab.eng.bos.redhat.com
f0d714b3cb418e12aea0d4f8a88ff1e0;localhost
e0554361c04c4a05973eac213b4d3909;localhost
f019df9fe006e684673bb1e4e7ec2e8f;localhost
ac1c7124308a6005c0bd39dbabce3444;localhost
b1ca90d90f59cb0e60322754afe0ae86;localhost
c4b0246e43e8e7a12eb1d5c024af4c42;localhost
37d0b86d2b09d4c3d499be1724b92c40;localhost
37d3f67d7c2021b43d253912dde445a3;localhost
a7c769361a27092d248832c03a9dd473;localhost
79608299819aecf58d4b16e3382915bc;192.168.122.248
a021f34730494cf55818152b0fc431df;192.168.122.206
afce199be58192b0ec71dd30d4c67061;localhost
2ed2d40807d057a8de0408e6b621aef1;localhost
d91ef39478f883af91f17d9a1c870711;localhost
2857d08c824ecf74dc2e21848e22dd8d;localhost
c7d9f5700102b30d7f821c6b0bb8ea18;localhost
3b53a5d02fa97e91986a0a1862269562;localhost
7025079469b4c662f29f5308a8f775af;localhost
54f0509b4d42c2528233837ead7da369;localhost
cbebf563c31feb7abbe51211cacb6d21;localhost
fbd439a22301dc0ab7584eac5d1a884b;localhost
45b460243194d80b2e5bfff0d949229e;localhost
99c97f985298db354a5ee87523f3c093;virtlab506.virt.lab.eng.bos.redhat.com
25e3195373ad1f92a973c506ae2e1eb3;192.168.122.174
b2cf1e307b860d6cf8b4c5d2d5ee00ba;192.168.122.97
c71b8cf8851af2b338cf1ded238a53fb;localhost
ddbc2fcbf4e4585cd50fc8990c51d92c;localhost
d6bf388f8cb78d93c26ad148c3fe86f0;localhost
67cdae79fcbeea0d7da9a815a468d1ff;192.168.122.50
b1ec98e6cde592fae3867c095b6d250d;localhost
2aebf1a8552d30dc53ad5bdb6c0b8d1c;192.168.122.205
581d27e89f62aaad871e6cb968c50610;192.168.122.65
e51748a1d57ee2f30a6958f1f4bd42f9;localhost
e56e549bebac9d657b072d6b49ef3596;localhost
a9860609db71140ff1205f94e2d3470c;localhost
75edfe45166d90596855caa90dfccf98;192.168.122.15
855be8081b6030fb42bd5a720ab53582;192.168.122.208
1af81c94e0b80f0fcce0df979b0f48db;192.168.122.129
a117af302c24269b6a6ab7fd84eb9ace;192.168.122.231
e672f438df326e762bf9bcfba1d29443;192.168.122.236
85068ddedded4fc774a89200539323f1;localhost
cd3a6388f9ef5b678c08b6271875fbbb;192.168.122.130
50d1e061181cb9ca0c76d99488bbc2f2;192.168.122.212
60741ec0424b003e4b438fc56af6da36;localhost
16d313a944621200a4f7fcbed4c13630;virtlab506.virt.lab.eng.bos.redhat.com
d2af0c72e954430f5a1c19c663481f56;virtlab506.virt.lab.eng.bos.redhat.com
a85e56fefcf4acdfaa273b5e3f173740;virtlab506.virt.lab.eng.bos.redhat.com
743365b534c33f7569e844af87e8f980;virtlab506.virt.lab.eng.bos.redhat.com
06053d4b53a49bc860ddd14a88ac95a5;virtlab506.virt.lab.eng.bos.redhat.com
6009006c29838f963b42eb73be3a90d9;192.168.122.43
0d267fae1298c5fc758c3b312bb6efdf;192.168.122.145
7270fe6a82d0763f90aeee18646d256b;virtlab506.virt.lab.eng.bos.redhat.com
32817e5977430e66609cce10d3ce83ec;192.168.122.20
77a6d730d112df2097b0313b990beffd;192.168.122.230
6244ebcd391cf7ee373baafc11ac1483;virtlab506.virt.lab.eng.bos.redhat.com
8b8d97a05390eb89e62c6cbe4e244678;192.168.122.231
429b587f6a4653b86b1105c7200879a8;192.168.122.186
8dccbbd0c5c015d51096bbb01acf3549;192.168.122.210
139c73dd9f85717a0dfa5f1149854b19;192.168.122.93
2927ac92d1102fd6656496ecfde59b72;virtlab506.virt.lab.eng.bos.redhat.com
ea2db7dd0e698dd2566e1fb67b38130d;virtlab506.virt.lab.eng.bos.redhat.com
56e1172c267ffd5cfd3c49d3b7d8bf04;192.168.122.197
5ce27f37d8e1ac283b9dcd3ea4e8e70b;192.168.122.178
9bddc8dee4ff1a779757b458c83f003b;virtlab506.virt.lab.eng.bos.redhat.com
c0076be9100e81d51c7e2bbc791a58fa;localhost
3a40a051121f254fca61f28bb2e51928;virtlab506.virt.lab.eng.bos.redhat.com
aa7c310dcc1bd76232223bce01689ea4;192.168.122.96
c22f9f41287428524b5e724102dad4cf;192.168.122.115
8cf60e841ba6872b8263c54f6955a288;virtlab506.virt.lab.eng.bos.redhat.com
5f3b620a5b54c0f2e2fd6d3e7e24407c;192.168.122.110
90b044d59ef4e26a7450e7ea29936d9f;192.168.122.119
32744d7f2c72dcfafe29f54ff8c5cda0;virtlab506.virt.lab.eng.bos.redhat.com
ef696bacd1c02c85a936faf0f76aa19e;192.168.122.181
94a5447ddd3b7f137a7706dd3e3dec92;192.168.122.43
31159f77b9a311768568b4ea31141dd1;192.168.122.247
574e3113def4bd867bd3204106d7cb9f;virtlab506.virt.lab.eng.bos.redhat.com
f1b1961252e2dc6b9512ea745b1bcde8;virtlab506.virt.lab.eng.bos.redhat.com
44c39f192ab411871dfdf961886cf8b5;192.168.122.153
d7c7476a940ce20288d014f3a83b0645;192.168.122.230
4619de697d71fadf1ca6efb1a97781e7;virtlab506.virt.lab.eng.bos.redhat.com
60a796bea13eeecdec7dbe7b300e5e94;192.168.122.247
9b9db3f48f76b0cd5100afbc955ad48a;192.168.122.183
8ab3736e90beb3f5ea5d3bdbc9effb8f;virtlab506.virt.lab.eng.bos.redhat.com
17bbc71dc74f6a091d6bef17f4c946ab;192.168.122.195
8cd55adeb8d48252c9aec171e6f172df;192.168.122.20
00010ac6c4a8a7ae81bed6ebe4b7069b;virtlab506.virt.lab.eng.bos.redhat.com
1bfc2350bf4cc53bf177a909622e4ee2;192.168.122.92
1cadc7e140c43a846b952908ddee2ee7;192.168.122.199
1a8ab174b4c878195a622d68bc1566ec;192.168.122.12
73e67bfc3819db5009601927a6275ec9;192.168.122.152
e83ce52f43b3113710e62bf7de43ae28;virtlab506.virt.lab.eng.bos.redhat.com
efd001c4a337db4110e3d1f37a56a423;virtlab506.virt.lab.eng.bos.redhat.com
3de6f604b5d2baebffe656aab49fd373;virtlab506.virt.lab.eng.bos.redhat.com
453b6c792d6409d3ac5717a8ce032ca3;192.168.122.197
760af0328d95703cc2487e6a2bb5fd9f;192.168.122.95
423390566e8f81c0f89e74e39bd65075;virtlab506.virt.lab.eng.bos.redhat.com
d6d2cf21168d8ec106ad72ba635633af;192.168.122.199
a19409f1bd309de95058e48e8aed7379;192.168.122.136
dc26ff1b009d26af46cec7d518e16097;virtlab506.virt.lab.eng.bos.redhat.com
b4abd2af6349b1ab23d084201f3669b8;virtlab506.virt.lab.eng.bos.redhat.com
8e6169708939d88cac9af0dfca4681ad;192.168.122.79
5af675639f4f30a855c0d3d9496e2f7c;192.168.122.201
1588bbc997752ddd2bd7eec1cd593200;virtlab506.virt.lab.eng.bos.redhat.com
1660d1c11c5a5c43569c606efc0d3d5b;192.168.122.71
7c2b4fc24d72d569b25a986a0ee558eb;192.168.122.249
8506988321b9cb401c9c843382eb5cd2;virtlab506.virt.lab.eng.bos.redhat.com
258845427093abe1f041ef6a1542389b;192.168.122.211
d6b8e5e255c560ea33ea970da53291f8;192.168.122.194
b2e586fd5c84dcf2c2551e4f132e250f;virtlab506.virt.lab.eng.bos.redhat.com
eb929d4d92487a811e9201edff2d18ca;192.168.122.86
faf262d933a684d44ca2683ab3894f75;192.168.122.78
d49a38eed698c46e8f8d2df6529ec598;192.168.122.113
9553e84b6658f487c7a7bdcb37302931;virtlab506.virt.lab.eng.bos.redhat.com
d258393c90ee0020801a25e686fbe339;192.168.122.178
360165e97c79ed837e82b0e94e55e6b7;192.168.122.105
5c2dfe6e110868de98454b9344ac7da2;localhost
a0c82de07a7a1b231088c47140b923a2;localhost
eba3fab3f757dad75b13db205f5394f3;virtlab506.virt.lab.eng.bos.redhat.com
38bde6ad5f98c85719352349d9cf411c;localhost
4720c5369b96308201be3b286ebc98d0;virtlab506.virt.lab.eng.bos.redhat.com
62d51db8fa6e6e81a65bf18935e53726;192.168.122.115
b2dfc06706f306de28ed32e6c2423a6b;192.168.122.240
fea037c10894c437a1d15b68d4db545c;192.168.122.27
ac735879c907fa4773912e119e895b1b;192.168.122.62
a2f8917298e7f0e2d14922ec8a350932;192.168.122.160
